timestamp,ecg
0.1701697999960743,0
0.178198000008706,0
0.18639220000477508,-1
0.19460889999754727,-2
0.20296379999490455,-3
0.2106762999901548,-5
0.21899470000062138,-8
0.22701810003491119,-8
0.23546220001298934,-12
0.24341950000962242,-15
0.2514546000165865,-14
0.259764600021299,-21
0.2679439000203274,-19
0.2762230000225827,-17
0.28437280002981424,-41
0.29262870003003627,-24
0.30112860002554953,15
0.3089785000192933,-27
0.3172629000036977,-152
0.32541829999536276,-228
0.33362240000860766,-161
0.3415668000234291,-8
0.3495707000256516,88
0.35785010003019124,67
0.365972800005693,2
0.3744503000052646,-33
0.38239520002389327,-52
0.3903625999810174,-43
0.398663200030569,-10
0.4068373999907635,-18
0.41520059999311343,-57
0.4234269000007771,-76
0.43146599997999147,-69
0.43909840000560507,-61
0.447678700031247,-68
0.4558716000174172,-84
0.463444699998945,-84
0.47154320002300665,-80
0.4799915000330657,-76
0.4880970999947749,-78
0.49644010001793504,-79
0.5047829999821261,-79
0.5131008999887854,-79
0.5210486000287347,-69
0.5287793999887072,-69
0.537659400026314,-102
0.5462429000181146,-143
0.5541084000142291,-154
0.5621649000095204,-135
0.5706161999842152,-103
0.5786657999851741,-81
0.5868945000111125,-70
0.5950240999809466,-60
0.6036179999937303,-44
0.61146899999585,-30
0.6199380999896675,-34
0.6276842000079341,-58
0.6361017000162974,-67
0.6441662000142969,-68
0.6522018000250682,-70
0.6604746999801137,-78
0.6678274000296369,-98
0.6767798000364564,-113
0.685261900012847,-107
0.6931880000047386,-88
0.7014647999894805,-77
0.7102412999956869,-82
0.717025600024499,-92
0.7257243000203744,-99
0.7340702000074089,-91
0.7422406999976374,-91
0.7506937999860384,-84
0.7586746999877505,-61
0.7666714999941178,-41
0.7751437000115402,-40
0.7834566999808885,-45
0.7914927999954671,-46
0.7995785999810323,-53
0.8075798000209033,-65
0.8158349000150338,-66
0.8240368000115268,-46
0.8320548000046983,-26
0.8401185999973677,-32
0.8483366000000387,-54
0.8565107000176795,-61
0.8646908000227995,-51
0.8730253999819979,-36
0.8811048000352457,-35
0.890299100021366,-53
0.8975482999812812,-72
0.9056608999962918,-74
0.9138273000135086,-62
0.9223264000029303,-53
0.9301568000228144,-41
0.9383488000021316,-36
0.9461313000065275,-56
0.9548538000090048,-121
0.9629760999814607,-189
0.9711649999953806,-221
0.9793466000119224,-216
0.987443300022278,-195
0.9957394999801181,-158
1.0039438999956474,-94
1.0121512000332586,-46
1.0216612000367604,-42
1.0283577000373043,-48
1.0359325000317767,-22
1.044706100015901,4
1.05272600002354,0
1.0608980000251904,2
1.0691369000123814,-22
1.077318900031969,-52
1.0853063000249676,-5
1.0935953999869525,113
1.1011666000122204,216
1.1091904999921098,48
1.1176836999948137,-548
1.1261432000319473,-1140
1.134842200030107,-1093
1.1424284999957308,-413
1.1509174000239,252
1.1591346000204794,390
1.1673880000016652,129
1.1755461000138894,-67
1.1837584000313655,-17
1.1919305000337772,38
1.2000947000342421,-9
1.2083229999989271,-21
1.2165916000376455,-14
1.2245628000237048,-19
1.23226010001963,-27
1.240914000023622,-41
1.249098900007084,-36
1.2573458999977447,-19
1.265168400015682,-26
1.2730375999817625,-43
1.2819060999900103,-36
1.2900961000123061,-29
1.298312500002794,-52
1.3063605999923311,-95
1.3147802000166848,-130
1.3230034000007436,-127
1.3309367999900132,-108
1.33929839998018,-108
1.3475759000284597,-112
1.355614100000821,-108
1.363948700018227,-117
1.372340300003998,-128
1.380353600019589,-126
1.388760400004685,-114
1.396872400015127,-110
1.4044792000204325,-109
1.413265599985607,-121
1.4218100000289269,-130
1.4297777999890968,-132
1.4378926000208594,-135
1.4456592000206,-153
1.4542989000328816,-160
1.462593000032939,-143
1.470934099983424,-106
1.478897200024221,-83
1.4869879999896511,-76
1.494792099983897,-80
1.5033119000145234,-71
1.5116613000282086,-34
1.5197627000161447,-10
1.5272164000198245,-23
1.5357978999963962,-54
1.5440035000210628,-79
1.5522375000291504,-78
1.5605715999845415,-60
1.5687572000315413,-60
1.5769017999991775,-85
1.5848429999896325,-101
1.5933400000212714,-105
1.6016832999885082,-100
1.609707600029651,-91
1.6185767999850214,-88
1.6261468000011519,-95
1.634051000000909,-94
1.642314400000032,-91
1.6505991999874823,-87
1.6587467000354081,-76
1.6667744999867864,-57
1.675011600018479,-39
1.683142099995166,-40
1.6913077000062913,-52
1.6995732000214048,-53
1.707888200005982,-30
1.7159334000316449,-16
1.7255029000225477,-28
1.731762900017202,-54
1.7402849000063725,-56
1.7485968000255525,-35
1.7567167000379413,-29
1.7648327000206336,-54
1.7732030000188388,-76
1.7812383000273257,-73
1.7895508999936283,-42
1.7978683999972418,-23
1.8057214000145905,-37
1.8142215000116266,-57
1.8221372999832965,-61
1.8306659000227228,-61
1.8386419999878854,-54
1.8468464000034146,-54
1.8550187000073493,-56
1.8628182000247762,-67
1.8711257000104524,-95
1.8795681000337936,-128
1.8879350000061095,-146
1.8962245000293478,-168
1.9044680999941193,-181
1.9122135000070557,-158
1.9206135999993421,-96
1.928847000002861,-38
1.9367291000089608,-5
1.9447784000076354,6
1.9530489000026137,4
1.9609360999893397,-5
1.9693531999946572,-21
1.9773352000047453,-5
1.985559299995657,21
1.9938141999882646,-13
2.001666900003329,-11
2.009951399988495,89
2.0182759999879636,227
2.0268692999961786,178
2.034826199989766,-325
2.04315789998509,-1017
2.051337099983357,-1202
2.0594324999838136,-635
2.0677792000351474,141
2.075959099980537,442
2.084160000027623,210
2.091904000029899,-82
2.100241100008134,-79
2.1084824000135995,38
2.1166786000248976,42
2.125068499997724,21
2.1329804999986663,22
2.1407226999872364,6
2.148671800037846,-19
2.15749670000514,-33
2.164987600001041,-36
2.173175700008869,-31
2.1820117000024766,-27
2.1900631000171416,-35
2.1984794000163674,-46
2.2065694000339136,-56
2.2147852000198327,-54
2.223369700019248,-42
2.2310819000122137,-42
2.2394098000368103,-68
2.2474564000149257,-88
2.2558255000039935,-76
2.263773199985735,-55
2.2719111000187695,-62
2.2795993000036106,-74
2.2882715000305325,-89
2.2965481000137515,-93
2.3046183999977075,-78
2.3127641000319272,-58
2.3210542000015266,-67
2.329425900010392,-97
2.337813100020867,-109
2.345589300035499,-94
2.3537328999955207,-78
2.3619800999877043,-87
2.3700014000060037,-123
2.3782931999885477,-125
2.386386800033506,-80
2.394742300035432,-37
2.4029498000163585,-23
2.4108201999915764,-20
2.418956600013189,-5
2.42759420000948,23
2.4355351999984123,50
2.4440289000049233,54
2.451773000007961,52
2.459313800034579,56
2.4681388000026345,46
2.47625639999751,18
2.484580999996979,-16
2.4926872000214644,-34
2.500802599999588,-27
2.5083065000362694,-4
2.516903200012166,2
2.525345500034746,-10
2.533633099985309,-25
2.5415459999931045,-35
2.54963389999466,-34
2.5577595999930054,-16
2.565887600008864,-6
2.574066800007131,-6
2.582297799992375,-11
2.590581900032703,-10
2.59828330000164,10
2.6067007000092417,22
2.6146840000292286,7
2.6230880999937654,-5
2.630535800009966,4
2.6394646000117064,20
2.6471315000089817,15
2.655581600032747,1
2.6636655000038445,1
2.6721151000238024,14
2.680102300015278,28
2.688299600034952,16
2.695825800008606,-5
2.7045780000044033,-16
2.712758900015615,-27
2.7209591999999247,-58
2.728373299993109,-91
2.7366932000149973,-121
2.7451336000231095,-139
2.753522699989844,-138
2.761626099993009,-96
2.7697132999892347,-34
2.7777914000325836,20
2.7860032999888062,39
2.7937939999974333,35
2.8020365000120364,31
2.810223100008443,31
2.8183842999860644,48
2.8265893000061624,65
2.8357605999917723,15
2.844342200027313,-35
2.8518367999931797,33
2.8602467000018805,174
2.86841260001529,231
2.876474299991969,-94
2.8846674999804236,-771
2.8930669000255875,-1190
2.9010400000261143,-885
2.9093638000194915,-122
2.917532999999821,398
2.9253822999889962,357
2.9337455999921076,40
2.941926700004842,-89
2.9499816999887116,25
2.958240300009493,81
2.9661630000337027,47
2.974355500016827,14
2.9827728000236675,-14
2.9909463000367396,-24
2.999146700021811,-13
3.00733280001441,-19
3.0149235000135377,-33
3.0235673999995925,-52
3.0317572000203654,-66
3.04009500000393,-56
3.048170800029766,-25
3.056292499997653,-25
3.0639238000148907,-65
3.072765699995216,-100
3.080955100012943,-99
3.0883408000227064,-79
3.097263799980283,-76
3.105140100000426,-89
3.1133996000280604,-80
3.121053099981509,-54
3.1292121000005864,-49
3.1373892999836244,-81
3.146198300004471,-107
3.154332100006286,-111
3.1622694000252523,-98
3.170956499991007,-82
3.178886500012595,-62
3.1869889000081457,-53
3.1952097000321373,-63
3.203538000001572,-104
3.212035200034734,-144
3.219957399996929,-143
3.2281539000105113,-104
3.2369238000246696,-78
3.244263500033412,-78
3.252780699986033,-89
3.260797700029798,-66
3.2691021999926306,-25
3.2773094000294805,-7
3.285364900017157,-16
3.2935517000150867,-22
3.30173599999398,-20
3.309926700021606,-27
3.318144700024277,-49
3.326679099991452,-84
3.3342341000097804,-94
3.342747699993197,-82
3.3507186000351794,-77
3.3590151999960653,-84
3.367147199984174,-89
3.375344200001564,-94
3.382939700037241,-85
3.3915924000320956,-72
3.399748500029091,-64
3.4079172000056133,-56
3.41614440002013,-53
3.4250854999991134,-69
3.4319427000009455,-66
3.4413215999957174,-54
3.4489512000000104,-55
3.456948700011708,-66
3.465137900027912,-58
3.4727016999968328,-31
3.481217699998524,-18
3.4889404000132345,-37
3.4976271000341512,-65
3.5057533000363037,-71
3.5139228000189178,-51
3.5221065999940038,-35
3.5303369000321254,-44
3.5385949999908917,-57
3.546927199990023,-92
3.5550794000155292,-133
3.5633548999903724,-159
3.5713672999991104,-162
3.579804699984379,-174
3.5879932999960147,-170
3.5961157000274397,-127
3.604267599992454,-52
3.612033799989149,-3
3.6201199000352062,2
3.628740900021512,-12
3.636774600017816,8
3.644872899982147,19
3.6529627999989316,23
3.660688600037247,23
3.6689172000042163,-23
3.6777168000116944,-52
3.6859302999801002,22
3.6941004000254907,164
3.7022485000197776,216
3.7099900000030175,-131
3.7187411999912,-822
3.7273853000369854,-1224
3.73534270003438,-879
3.743408999987878,-103
3.7512327000149526,389
3.759205700014718,322
3.7676121999975294,23
3.7762027999851853,-80
3.7840626999968663,4
3.7923147000255994,21
3.800164600019343,-10
3.808656500012148,-8
3.8168865999905393,-17
3.825126599986106,-29
3.833359799988102,-24
3.8415501000126824,-15
3.8494406000245363,-7
3.857760099985171,-22
3.866044500027783,-43
3.874145400011912,-41
3.8824384000035934,-42
3.8901557000353932,-54
3.8986041999887675,-74
3.906734600022901,-90
3.9149596000206657,-91
3.9232881999923848,-83
3.9313670999836177,-93
3.9391895000007935,-107
3.9477432999992743,-111
3.955927300034091,-106
3.9641062000300735,-98
3.9721532000112347,-97
3.9802236999967135,-105
3.988784899993334,-105
3.996950200002175,-103
4.005360500013921,-106
4.013359899981879,-113
4.021638000034727,-106
4.029367099981755,-108
4.038408100022934,-122
4.046316099993419,-150
4.054590100015048,-153
4.062763200025074,-111
4.070551800017711,-62
4.078831600025296,-49
4.086525799997617,-56
4.095294900005683,-50
4.103558900009375,-26
4.111612299981061,-10
4.119292900024448,-19
4.127919899998233,-33
4.135541099996772,-19
4.1441023999941535,-5
4.151710200007074,-22
4.160305200028233,-55
4.168475300015416,-74
4.177084700029809,-75
4.184925000008661,-76
4.193319300014991,-71
4.201335199992172,-55
4.209207000036258,-39
4.217709299991839,-58
4.22589090000838,-78
4.234326699981466,-68
4.2422652000095695,-39
4.250586099980865,-35
4.258153999981005,-46
4.266767100023571,-42
4.274926199985202,-23
4.283254100009799,-12
4.291344700031914,-23
4.2994816999998875,-34
4.307048499991652,-31
4.315916199993808,-25
4.323921000002883,-12
4.3320659000310116,12
4.3405506000272,22
4.348426899989136,15
4.356549700023606,-3
4.3647464999812655,-8
4.372702900029253,3
4.3809448999818414,18
4.389129400020465,10
4.397220299986657,-1
4.405215899983887,1
4.413527199998498,2
4.421750199981034,-15
4.429935600026511,-61
4.438240299990866,-97
4.446017700014636,-99
4.454337400035001,-94
4.462757000001147,-114
4.471036700007971,-115
4.4789334000088274,-58
4.486956000037026,18
4.495160299993586,48
4.503516500000842,25
4.511526999995112,4
4.5200508999987505,28
4.527925000002142,39
4.535678900021594,43
4.544336799997836,30
4.552577399997972,-13
4.560849600005895,18
4.568917500029784,133
4.5770779000013135,256
4.58499430003576,172
4.59358919999795,-351
4.6019962999853306,-1023
4.610285200004,-1174
4.618349500000477,-584
4.625980600016192,168
4.634591299982276,436
4.642941099999007,217
4.651463199988939,-44
4.659172200015746,-38
4.667227900004946,51
4.6750008999952115,26
4.683256499993149,6
4.691701700037811,24
4.699923900014255,20
4.708103500015568,18
4.716374400013592,29
4.7242058999836445,34
4.732532599999104,20
4.740732699981891,-3
4.748929399996996,-25
4.758143500017468,-46
4.765310999995563,-49
4.773477200011257,-44
4.781402499997057,-50
4.79001930000959,-50
4.798223700025119,-50
4.806102900009137,-43
4.814037600008305,-43
4.822569500014652,-57
4.8307478000060655,-70
4.83917280001333,-66
4.847072500037029,-66
4.855258800031152,-75
4.863090200000443,-70
4.871616200020071,-45
4.880936300032772,-40
4.88788370002294,-59
4.896215700020548,-74
4.904198699980043,-69
4.91221169999335,-67
4.920411300030537,-90
4.92873879999388,-95
4.936836700013373,-65
4.945203599985689,-27
4.9535921000060625,-15
4.961342399998102,-17
4.969169999996666,1
4.977547999995295,33
4.98589810001431,60
4.994209600030445,63
5.001594900037162,52
5.010141999984626,42
5.0186201999895275,43
5.0265815000166185,46
5.034788499993738,38
5.042841600021347,9
5.051040799997281,-13
5.059137500007637,-3
5.067524700018112,8
5.075336800015066,-2
5.083610400033649,-30
5.091707699990366,-41
5.1000179999973625,-17
5.107872700027656,3
5.1160732000134885,1
5.124302399985027,-6
5.132266200031154,5
5.1400689000147395,25
5.148103700019419,23
5.156137400015723,9
5.164400000008754,16
5.172591799986549,39
5.180692200025078,42
5.189228700008243,32
5.197463200020138,31
5.20509740000125,39
5.21336059999885,44
5.2222208000021055,34
5.230297500034794,20
5.238271899987012,20
5.246770700032357,22
5.255143699992914,33
5.263571100018453,41
5.2714268999989145,30
5.27872760000173,-1
5.287532299989834,-28
5.295719099987764,-46
5.303962000005413,-67
5.312146999989636,-102
5.3203589000040665,-111
5.32807230000617,-63
5.336517699994147,16
5.344823500025086,71
5.352926700026728,65
5.361115999985486,26
5.369308400026057,-1
5.376885999983642,3
5.3855544999823906,34
5.393738500017207,61
5.402031700010411,17
5.4099011000362225,-5
5.418116400018334,78
5.426564100023825,205
5.4347655000165105,205
5.442996800004039,-189
5.451150399981998,-877
5.459536799986381,-1233
5.467566300008912,-846
5.475839200022165,-55
5.4839743000338785,420
5.49221860000398,333
5.500317800033372,31
5.508570400008466,-52
5.516326199984178,55
5.524714700004552,77
5.532931199995801,33
5.540908200026024,6
5.5492922000121325,-13
5.556880399992224,-12
5.565306100004818,3
5.57361140003195,7
5.581764500006102,13
5.589302000007592,17
5.597951400035527,18
5.605696099984925,-1
5.614370300027076,-37
5.622554200002924,-54
5.6307154999813065,-38
5.639046500029508,-35
5.646827900025528,-49
5.655184600036591,-49
5.6637761000311,-33
5.671578600013163,-30
5.67961320001632,-48
5.6879682000144385,-65
5.696164700028021,-62
5.70429999998305,-57
5.712456599983852,-67
5.72056899999734,-86
5.728804700018372,-103
5.736995999992359,-121
5.745186200016178,-123
5.753551800036803,-116
5.761731899983715,-97
5.771539699984714,-85
5.777653600031044,-83
5.786187199992128,-93
5.7943450000020675,-106
5.80287660000613,-102
5.81011960003525,-78
5.8188002000097185,-46
5.827029499982018,-21
5.8351046000025235,-10
5.843129099986982,4
5.851131899980828,9
5.858930199989118,-5
5.867161500034854,-43
5.875809999997728,-73
5.883817300025839,-56
5.892100199998822,-55
5.900646800000686,-73
5.908907100034412,-84
5.91701330000069,-79
5.924985899997409,-73
5.933083100011572,-80
5.941348500025924,-92
5.949584199988749,-84
5.957777500036173,-63
5.966268100019079,-45
5.973856800002977,-46
5.981978200026788,-49
5.99029560002964,-42
5.998575999983586,-27
6.00670570001239,-32
6.014896999986377,-72
6.022933700005524,-100
6.031254300032742,-90
6.03957000002265,-81
6.047577799996361,-99
6.056059300026391,-52
6.064046900020912,19
6.07198690000223,52
6.08005679998314,30
6.088440800027456,9
6.095844499999657,14
6.104255100013688,31
6.113049799983855,47
6.120834800007287,5
6.12902180000674,-62
6.13660989998607,-21
6.144954500021413,121
6.153276400000323,230
6.161901700019371,48
6.169984899985138,-563
6.178133000037633,-1166
6.186392700008582,-1137
6.194437900034245,-464
6.203511200030334,226
6.210963000019547,398
6.219109800003935,134
6.227335800009314,-103
6.236134000006132,16
6.244714200031012,6
6.252746500016656,-7
6.260523400036618,-20
6.268494600022677,-39
6.2774430999998,-45
6.284318300022278,-53
6.2930819999892265,-63
6.301700200012419,-70
6.308932800020557,-77
6.317840799980331,-75
6.325267200008966,-84
6.333660800009966,-110
6.34179989999393,-118
6.351000000024214,-92
6.358141999982763,-69
6.366353199991863,-85
6.374549700005446,-112
6.384128400008194,-116
6.391200700018089,-112
6.399855800031219,-117
6.407288699992932,-113
6.415371300012339,-64
6.425154700002167,-86
6.4329225000110455,-109
6.440941000008024,-93
6.4483752000378445,-67
6.456479699991178,-63
6.464752900006715,-84
6.473474600003101,-105
6.481394800008275,-112
6.4893241000245325,-104
6.497403100016527,-81
6.505522800027393,-40
6.513721499999519,-20
6.52283620001981,-51
6.530513300036546,-89
6.538177800015546,-88
6.546289700025227,-63
6.555484000011347,-31
6.563399000035133,-2
6.57146730000386,17
6.579378900001757,-64
6.588262900011614,-101
6.596316899987869,-73
6.604252599994652,-16
6.612228500016499,2
6.620313699997496,-35
6.628810800029896,-66
6.63695800001733,-65
6.645158600003924,-40
6.653390999999829,-26
6.660816100018565,-28
6.669201900018379,-24
6.677397100022063,5
6.685655000037514,36
6.693823000008706,35
6.702043500030413,-7
6.710747100005392,-35
6.71845739998389,-23
6.726425300003029,7
6.734576100017875,13
6.742850099981297,-10
6.751112500031013,-12
6.758799400005955,-20
6.767491800012067,-68
6.775690999988001,-169
6.783505600003991,-234
6.792176500021014,-191
6.800192900002003,-58
6.808237600023858,58
6.816601800033823,72
6.82457220001379,13
6.832584100018721,-38
6.840748400019947,-13
6.848928900028113,52
6.8574894000194035,121
6.8656309000216424,120
6.873537599982228,11
6.8822598999831825,-57
6.8901284000021406,23
6.898492900014389,213
6.906607499986421,261
6.914839599980041,-185
6.923245000012685,-1309
6.93138020002516,-890
6.939315400028136,-109
6.9479298000223935,323
6.955747100000735,237
6.9638922000303864,21
6.972126000036951,45
6.980268599989358,165
6.988277700031176,127
6.996725000033621,40
7.004916500009131,37
7.012916599982418,84
7.0213399000349455,105
7.028730700025335,67
7.037750400020741,44
7.045697099994868,73
7.053292500029784,114
7.062158400018234,108
7.070034300035331,72
7.078133000002708,58
7.086522700032219,50
7.094739600026514,31
7.102220300002955,32
7.111065800010692,50
7.118894300016109,88
7.127567699993961,108
7.135786700004246,80
7.143700300017372,11
7.152006499993149,-31
7.160174100019503,-11
7.168560100020841,45
7.175817299983464,75
7.186508700018749,75
7.192744300002232,50
7.200634100008756,5
7.209210700006224,-37
7.216692199988756,-37
7.225273800024297,-27
7.233728500024881,-30
7.241516500012949,-56
7.249893500003964,-74
7.2578144000144675,-46
7.265837399987504,1
7.273685000021942,42
7.281867499987129,35
7.2904620000044815,7
7.298705200024415,-31
7.306950600002892,-41
7.31507920002332,-47
7.322783300012816,-49
7.331624299986288,-47
7.339464400021825,-59
7.347782600030769,-81
7.355866400001105,-94
7.364233700034674,-91
7.372405500034802,-78
7.38054490002105,-80
7.38852219999535,-95
7.3966191000072286,-97
7.4050306000281125,-102
7.413333200034685,-140
7.421564500022214,-144
7.429724499990698,-76
7.437465700029861,-12
7.445779200003017,-45
7.454027400002815,-71
7.462137199996505,-82
7.470151100016665,-90
7.4789248000015505,-114
7.486891300010029,-147
7.49508490000153,-172
7.50349129998358,-147
7.511477200023364,-54
7.519767999998294,39
7.5289730000076815,44
7.535522099991795,-7
7.543993600003887,-28
7.552217699994799,8
7.560089300037362,56
7.5687062999932095,67
7.576087700028438,20
7.584857199981343,-30
7.592455000034533,14
7.60074090003036,133
7.609607000020333,242
7.617541700019501,82
7.625821200024802,-589
7.634499499981757,-1603
7.642044899985194,-963
7.650484299985692,-63
7.658622800023295,356
7.666931000014301,219
7.674525599984918,-2
7.683162600034848,20
7.691401800024323,99
7.699734600028023,83
7.707134100026451,57
7.71533159998944,40
7.724014000035822,47
7.732188699999824,71
7.740457799984142,85
7.748472600011155,77
7.756670800037682,39
7.7642729000071995,-6
7.772897800023202,-23
7.781227500003297,-2
7.789522800012492,20
7.797127900004853,-14
7.805635700002313,-76
7.813619900029153,-32
7.821924899995793,-14
7.830109899980016,-54
7.838461500010453,-105
7.846411200007424,-119
7.854424800025299,-111
7.863168600015342,-107
7.8724300999892876,-95
7.878989699995145,-76
7.887559599999804,-68
7.895537000033073,-73
7.903807800030336,-77
7.911527100019157,-77
7.922481700021308,-95
7.928062200022396,-132
7.939136500004679,-171
7.944913699990138,-185
7.953480000025593,-167
7.963344699994195,-121
7.969704399991315,-70
7.977089099993464,-67
7.986050900013652,-72
7.99344160000328,-49
8.001568700012285,-35
8.009736000036355,-53
8.018132099998184,-74
8.026127799996175,-74
8.034586900030263,-71
8.043313300004229,-108
8.05209960002685,-157
8.060174799989909,-171
8.068187700002454,-137
8.076199000002816,-87
8.084300699993037,-80
8.092089199984912,-95
8.100586700020358,-99
8.10892710002372,-95
8.116926399990916,-105
8.125725399993826,-117
8.133527800033335,-116
8.141756600001827,-112
8.150008200027514,-130
8.158323500014376,-195
8.166307599982247,-206
8.174549799994566,-209
8.182343600026798,-197
8.190851400024258,-135
8.198749600036535,-35
8.20729950000532,28
8.215156499994919,16
8.223534899996594,-15
8.231348200002685,-9
8.239477500028443,29
8.247202900005504,67
8.255459800013341,21
8.263581699982751,-38
8.271566700015683,6
8.27993369998876,118
8.288111400033813,253
8.296380300016608,127
8.304617499990854,-546
8.312882099999115,-1376
8.321166299981996,-1583
8.329140699992422,-78
8.337521100009326,289
8.345636699988972,150
8.353596500004642,5
8.361982700007502,101
8.370157700031996,173
8.37848060001852,123
8.386646300030407,113
8.394816200016066,127
8.403024100000039,127
8.411247799987905,98
8.420748100033961,67
8.428846499999054,73
8.436811899999157,92
8.44523680000566,96
8.45251760003157,76
8.460934400034603,32
8.469091799983289,1
8.477280399994925,-3
8.4853548000101,25
8.493384700035676,6
8.50128860003315,-29
8.510169100016356,-36
8.517905700020492,-10
8.52533079998102,0
8.53426899999613,-24
8.542316899984144,-32
8.55017850000877,-19
8.558674100029748,-2
8.56691520003369,-10
8.575113200000487,-31
8.583343499980401,-50
8.5911480000359,-53
8.599587100034114,-55
8.607727300026454,-67
8.61591639998369,-87
8.624385600036476,-105
8.632438400003593,-100
8.640273800003342,-62
8.648723000020254,-41
8.656957400031388,-46
8.665140700002667,-24
8.673076900013257,-3
8.681330899999011,-11
8.688973799988162,-41
8.6975496999803,-61
8.705895600025542,-52
8.714646700012963,-38
8.722151599999052,-45
8.731640200014226,-76
8.738581400015391,-120
8.746304800035432,-133
8.755155500024557,-104
8.76312690001214,-73
8.771346600027755,-71
8.779045200033579,-90
8.787580900010653,-91
8.795965099998284,-62
8.803583400032949,-39
8.812434200022835,-60
8.81996390002314,-90
8.828368499991484,-75
8.836711700016167,-44
8.844984000024851,-142
8.8526462999871,-200
8.861515700002201,-201
8.869117800029926,-187
8.877638500009198,-180
8.885905700037256,-135
8.894232199992985,-38
8.902136099990457,20
8.910307999991346,-9
8.91847069998039,-55
8.92678750003688,-49
8.934819200017955,-18
8.943108200037386,30
8.951115200005006,37
8.959318200009875,-18
8.967434999998659,-16
8.975719599984586,75
8.98411230003694,196
8.992347799998242,174
9.00091230001999,-330
9.00863749999553,-1155
9.017588699993212,-1592
9.025177899980918,-324
9.03332450002199,250
9.041759799991269,272
9.049799000029452,43
9.057341100007761,3
9.066289499984123,111
9.074624800006859,131
9.082596199994441,117
9.090794400020968,110
9.098220999992918,87
9.107496300013736,70
9.115051100030541,70
9.123406300030183,65
9.131532000028528,64
9.139565200021025,71
9.14749020000454,61
9.156072599987965,46
9.16406530002132,43
9.172328600019682,26
9.18055380001897,11
9.188344600028358,15
9.19612939999206,31
9.204269499983639,10
9.212808699987363,-8
9.221363699994981,-3
9.229165000026114,13
9.23750819999259,10
9.245645500021055,1
9.253954600018915,19
9.261844700027723,40
9.270056499983184,34
9.278251799987629,-3
9.285948100034148,-29
9.294818900001701,-28
9.302973399986513,-27
9.311225200013723,-61
9.318676499999128,-121
9.326974700030405,-148
9.335832900018431,-135
9.344342800031882,-112
9.352418099995703,-95
9.360497899993788,-90
9.368533900007606,-81
9.376635799999349,-71
9.38491950003663,-70
9.39285609999206,-82
9.400580500019714,-107
9.409374099981505,-133
9.417443200014532,-140
9.42595090001123,-138
9.434124500025064,-135
9.442297200032044,-127
9.450573400012217,-118
9.458848299982492,-100
9.466303799999878,-91
9.475145500036888,-111
9.483324500033632,-145
9.491602000023704,-150
9.499780800018925,-112
9.507808900030795,-82
9.515823499998078,-95
9.523732400033623,-117
9.532339900033548,-94
9.540703399979975,-19
9.548768799984828,-52
9.55662620003568,-89
9.565156000026036,-118
9.573327700025402,-150
9.581574600015301,-188
9.589971099980175,-225
9.598934500012547,-213
9.605693300021812,-162
9.614292400015984,-96
9.622583999997005,-38
9.630722800036892,-17
9.638922400015872,-38
9.64667470002314,-59
9.655136000015773,-58
9.663314300007187,-36
9.671580400026869,-16
9.679732499993406,-54
9.68794600002002,-67
9.695338100020308,31
9.704449900018517,154
9.712340500031132,-61
9.721073599997908,-769
9.72914920002222,-1490
9.737069900031202,-1554
9.745202100020833,-855
9.753559699980542,-31
9.76115460001165,293
9.770099200017285,132
9.778337399999145,-34
9.785847200022545,30
9.794679299986456,94
9.802509800007101,57
9.810704500006977,60
9.819022400013637,81
9.827050200023223,94
9.835682100034319,80
9.843286200019065,41
9.851484199985862,14
9.859724099980667,23
9.867762100009713,45
9.875903800013475,37
9.883879000029992,25
9.892257900035474,5
9.900443900027312,-15
9.90875080000842,-23
9.917001300025731,-19
9.924852500029374,1
9.933115300023928,17
9.941560400009621,12
9.94958240003325,11
9.957541199983098,22
9.965903999982402,33
9.97345019999193,40
9.982102299982216,42
9.990248600021005,44
9.998547299997881,44
10.006760100019164,20
10.014775699994061,-11
10.0228132000193,-28
10.031274100008886,-38
10.039283599995542,-67
10.048617399996147,-159
10.055933700001333,-176
10.063754700007848,-147
10.072102000005543,-99
10.080619000014849,-101
10.088746100023855,-127
10.096982099988963,-137
10.105033500003628,-125
10.113324400037527,-112
10.121561000007205,-138
10.129762800002936,-177
10.138659699994605,-176
10.14614490000531,-151
10.154009599995334,-135
10.162643000017852,-140
10.170939400035422,-137
10.17917940003099,-140
10.187295900017489,-134
10.195503499999177,-125
10.203485400008503,-129
10.211745499982499,-132
10.219835700001568,-113
10.228494899987709,-93
10.236212800024077,-54
10.244113399996422,-44
10.252517900022212,-48
10.261062600009609,-66
10.269246899988502,-88
10.277082499989774,-84
10.28475819999585,-58
10.293645300029311,-51
10.301897400000598,-57
10.310363700031303,-51
10.318263199995272,-43
10.326647099980619,-56
10.334574899985455,-113
10.342978700005915,-170
10.351086199982092,-178
10.359211000031792,-170
10.367579300014768,-182
10.375803000002634,-183
10.383797399990726,-138
10.391982500033919,-50
10.399924300028943,1
10.408346200012602,-38
10.41659580002306,-60
10.424580599996261,-43
10.433557700016536,-16
10.441033500013873,-44
10.449099400022533,-57
10.457249800034333,33
10.465913499996532,150
10.473184500006028,181
10.48202220001258,-136
10.490356700029224,-878
10.498617300007027,-1539
10.506973700015806,-1485
10.514711400028318,-748
10.523172900022473,11
10.53132100001676,276
10.539567800005898,117
10.54777240002295,-30
10.555875100020785,14
10.56368379999185,54
10.572142700024415,117
10.580576199979987,137
10.588542399986181,104
10.596733100013807,53
10.604929500026628,19
10.612813899992034,21
10.621158300025854,35
10.629744899983052,39
10.637522500008345,21
10.645522100036032,9
10.653587000037078,11
10.661912999989,23
10.670302100013942,20
10.678287899994757,2
10.686548100027721,-7
10.694980700034648,-11
10.702254500007257,1
10.711171200033277,24
10.719308600004297,32
10.727263399981894,36
10.735770800034516,28
10.743588900018949,52
10.75127380003687,99
10.760146900021937,122
10.767754600034095,95
10.776264699990861,54
10.784566099988297,13
10.79235190001782,-19
10.800669200019911,-31
10.8091094000265,-46
10.81711040000664,-44
10.825328600010835,-56
10.834015300031751,-89
10.841143199999351,-103
10.850343200028874,-67
10.8579960000352,-21
10.866114200034644,-34
10.874337600020226,-84
10.882523900014348,-108
10.890467400022317,-85
10.899277099990286,-42
10.907295799988788,-43
10.91533150000032,-47
10.923735000018496,-48
10.931599200004712,-54
10.940688900009263,-58
10.947911399998702,-47
10.956169000011869,-36
10.964279300009366,-27
10.972369400027674,-20
10.979973000008613,-9
10.988523299980443,6
10.99671869998565,1
11.005122600006871,-10
11.012663700035773,6
11.02128129999619,21
11.02883850003127,19
11.03747400001157,4
11.045915100025013,-16
11.053910600021482,-23
11.061899100022856,-1
11.070309600036126,26
11.07804860000033,27
11.086590700026136,-30
11.096993500017561,-69
11.102553000033367,-113
11.111134100006893,-144
11.119230500014964,-107
11.12754399998812,-4
11.135937699989881,67
11.143798400007654,61
11.152233400032856,25
11.160149800009094,12
11.16830870002741,50
11.176604799984489,109
11.18486690003192,80
11.19197530002566,0
11.20032090001041,24
11.208729000005405,171
11.217646899982356,295
11.22571120003704,67
11.233835400023963,-660
11.242629199987277,-1370
11.251107599993702,-1398
11.259288600005675,-713
11.266846299986355,334
11.274953300016932,177
11.28307439998025,20
11.291378499998245,69
11.299516800034326,111
11.307591599994339,68
11.315731099981349,46
11.323959500005003,67
11.332143599982373,80
11.340763300016988,53
11.348120799986646,20
11.356717200018466,18
11.36510769999586,29
11.372671200020704,23
11.381180600030348,2
11.389329900033772,-2
11.397492600022815,12
11.405927999992855,27
11.414110400015488,24
11.421934699988924,9
11.430151599983219,-17
11.438172900001518,-43
11.446453500015195,11
11.455178699980024,27
11.462811700010207,35
11.470857399981469,34
11.478968199982774,16
11.48684880003566,15
11.49505120003596,45
11.503549200017005,77
11.511784500034992,69
11.519813299993984,21
11.527971000003163,-23
11.535673699981999,-27
11.544805000012275,-46
11.552578400005586,-96
11.560618899995461,-135
11.568929100001696,-122
11.576922000036575,-85
11.585025699983817,-63
11.593567800009623,-62
11.601567100035027,-88
11.609720900014509,-97
11.617944099998567,-20
11.625840299995616,-25
11.634255699987989,-68
11.642565499991179,-77
11.651522700034548,-45
11.659231099998578,-29
11.666390000027604,-45
11.674845400033519,-50
11.683274400013033,-18
11.691298899997491,-5
11.69957689999137,-16
11.707706800021697,7
11.715898099995684,39
11.723469100019429,20
11.732143300003372,-44
11.740504899993539,-73
11.748589300026651,-32
11.756919000006747,31
11.76459109998541,28
11.772731799981557,-35
11.781041399983224,-74
11.789301500015426,-72
11.797563100000843,-77
11.805945400032215,-123
11.813594500010367,-64
11.822131799999624,36
11.83030949998647,68
11.838556500035338,38
11.849057000014,20
11.85419580002781,22
11.862552100035828,47
11.87106010003481,53
11.87932260002708,-24
11.887644700007513,-53
11.895745599991642,57
11.903851700015366,208
11.912174099998083,200
11.920349900028668,-207
11.928889800037723,-962
11.936958900012542,-1516
11.945327499997802,-1347
11.953152400034014,-581
11.961567700025626,116
11.969779799983371,310
11.977968399995007,121
11.986116699990816,31
11.993841200019233,77
12.002181100018788,79
12.010529400024097,82
12.018743699998595,58
12.02688289998332,22
12.035189500020351,14
12.042705500032753,35
12.051921000005677,40
12.059554899984505,24
12.067515000002459,-2
12.075944699987303,-21
12.08392659999663,-7
12.091505700023845,23
12.099559499998577,22
12.108211199985817,-3
12.116561300004832,-32
12.124756200006232,-35
12.13260640000226,-12
12.141328500001691,1
12.149105000018608,-6
12.15734610002255,10
12.165527000033762,16
12.173706400033552,32
12.181240700010676,49
12.189976699999534,46
12.198090500023682,44
12.20562050002627,28
12.213711699994747,12
12.222477000032086,6
12.230580500036012,-9
12.238682800030801,-45
12.246632900030818,-88
12.255082099989522,-126
12.263402900018264,-135
12.271649900008924,-121
12.279813300003298,-93
12.287918000016361,-82
12.296242800017353,-93
12.304558600008022,-108
12.312833500036504,-103
12.320873700024094,-79
12.329100600036327,-119
12.337512900005095,-153
12.345556300017051,-145
12.353984599991236,-120
12.361873799993191,-112
12.370088900031988,-106
12.37828870001249,-93
12.385958600032609,-88
12.394917700032238,-90
12.402909700002056,-90
12.411089200002607,-79
12.419178200012539,-73
12.427255299990065,-88
12.436053699988406,-102
12.443960900011007,-102
12.45257570000831,-118
12.459895799984224,-158
12.468393600021955,-194
12.476719000027515,-179
12.484990200027823,-116
12.493083100009244,-47
12.501187200017739,-14
12.509354299982078,-2
12.517547100025695,15
12.525804699980654,17
12.533953599981032,27
12.54265590000432,32
12.550095100014005,-12
12.558300500037149,-24
12.566506000002846,81
12.574170499981847,245
12.582925399998203,255
12.59132690000115,-187
12.5995949000353,-975
12.607966199982911,-1447
12.616165700019337,-1127
12.62437640002463,-327
12.63271249999525,246
12.640365300001577,296
12.64874640002381,82
12.656911700032651,21
12.66527200001292,117
12.67339200002607,157
12.6812735000276,156
12.689816199999768,118
12.697856699989643,85
12.706065899983514,89
12.714155800000299,96
12.72430980001809,99
12.730351200036239,102
12.738611900014803,112
12.74711420002859,109
12.755319899995811,84
12.763306799985003,63
12.771452500019222,63
12.779281600029208,66
12.787928500038106,64
12.796122100029606,63
12.804778599995188,76
12.812308499997016,76
12.820177600020543,50
12.828403300023638,34
12.836899899994023,50
12.84525539999595,77
12.853329300007317,79
12.86113800003659,74
12.868895300023723,67
12.877633700030856,55
12.885767200030386,47
12.894103600003291,39
12.902293600025587,23
12.91032800002722,-7
12.918326699989848,-33
12.926776300009806,-40
12.935425899981055,-42
12.943273100012448,-39
12.951335099991411,-22
12.959262699994724,-7
12.967569100030232,-12
12.975608600012492,-38
12.983841000008397,-45
12.992154599982314,-20
13.000144499994349,-6
13.008203200006392,-30
13.016564799996559,-71
13.024724900024012,-55
13.03292979998514,-33
13.0409185999888,-7
13.049907199980225,-10
13.056770300026983,-37
13.065540499985218,-36
13.073493300005794,2
13.081724199990276,36
13.08971939998446,7
13.097341899992898,-89
13.10617360001197,-146
13.114570799982175,-140
13.122711300035007,-117
13.130950100021437,-100
13.139582899981178,-74
13.146628300019074,-27
13.155185599985998,17
13.163459300005343,32
13.171854400017764,46
13.179695200000424,58
13.187759899999946,71
13.195967999985442,65
13.204181500012055,0
13.212500200024806,7
13.220914100005757,116
13.228973700024653,250
13.236631300009321,186
13.245472399983555,-343
13.253736199985724,-1117
13.262314999999944,-1431
13.270405600022059,-968
13.278284900006838,-173
13.28609549999237,288
13.294739100034349,237
13.302904699987266,33
13.311113000032492,20
13.319261500029825,92
13.327398800000083,73
13.335628400032874,63
13.344155600003432,91
13.35220239998307,89
13.36026220000349,70
13.368481600016821,51
13.376495799981058,48
13.384622199984733,43
13.392932799994014,44
13.400922200002242,60
13.409140900010243,59
13.417261500027962,23
13.425396899983753,-10
13.433596900023986,-14
13.441929500026163,11
13.44995330000529,27
13.458186200005002,7
13.466261900030077,-25
13.47446180001134,-39
13.482693400001153,-27
13.490854700037744,-5
13.498971300025005,5
13.506833099992946,0
13.515036199998576,1
13.523136600037105,16
13.531633700011298,32
13.53963820001809,27
13.547972900036257,-65
13.555874300014693,-105
13.563829599996097,-111
13.571923699986655,-100
13.58054200001061,-83
13.588802699989174,-69
13.596947000012733,-66
13.604738700028975,-64
13.61292450001929,-66
13.621264300018083,-75
13.629558100015856,-82
13.63778580003418,-75
13.646172299981117,-57
13.653535799996462,-49
13.662379699992016,-66
13.670557799981907,-101
13.67876450001495,-117
13.686942700005602,-92
13.695107700012159,-64
13.70277570001781,-53
13.711415500030853,-68
13.719800200022291,-133
13.727962400007527,-155
13.736135600018315,-171
13.743834400025662,-206
13.753982399997767,-249
13.760971000010613,-260
13.769250700017437,-223
13.777356799982954,-138
13.785207699984312,-62
13.793115100008436,-26
13.801563200016972,-9
13.809709399996791,7
13.81789960002061,17
13.826068599999417,31
13.833674399997108,50
13.842115800012834,4
13.850576800003182,-55
13.858947400003672,-1
13.86692480003694,129
13.875905800028704,218
13.882734899991192,-19
13.891447000030894,-715
13.899959300004411,-1375
13.907561200030614,-670
13.915547500015236,69
13.923960599990096,302
13.93260250001913,123
13.940316100022756,-28
13.949006500013638,43
13.957849700003862,117
13.965757700032555,87
13.973441699985415,56
13.981696800037753,37
13.989890400029253,33
13.998094699985813,54
14.006377200013958,70
14.014455800002906,63
14.02233280002838,42
14.030591799994,48
14.03873830003431,70
14.047188199998345,73
14.05513079999946,44
14.063060100015718,8
14.071206900000107,-49
14.079602200014051,-39
14.087747899990063,-22
14.096056699985638,-20
14.104148800019175,-22
14.111761800013483,-14
14.1205335999839,17
14.128716600011103,45
14.136783800029662,34
14.145213200012222,13
14.152906600036658,15
14.16081979998853,26
14.168861799989827,24
14.176915700023528,4
14.185785499983467,-40
14.193251500022598,-96
14.202908000035677,-133
14.210581500025,-131
14.218222199997399,-115
14.226276000030339,-110
14.234627199999522,-115
14.24354370002402,-119
14.252126000006683,-132
14.259731300000567,-146
14.267495000036433,-147
14.275654900004156,-134
14.283895900007337,-119
14.292031000019051,-124
14.301043000014033,-133
14.308473600016441,-127
14.316656299983151,-109
14.324745299993083,-94
14.33355430001393,-108
14.342293600027915,-153
14.350018800003454,-202
14.35780200001318,-203
14.365986199991312,-182
14.374366400006693,-195
14.382479100022465,-247
14.391097199986689,-271
14.399455200007651,-211
14.407017600024119,-105
14.41505320003489,-40
14.423756000003777,-31
14.431723200017586,-13
14.440346900024451,7
14.4482699999935,19
14.45632380002644,-32
14.464309000002686,-73
14.472206400008872,22
14.481248299998697,184
14.489253800013103,267
14.497228500025813,-24
14.50521299999673,-815
14.515766600030474,-1596
14.522863899997901,-1639
14.53108109999448,-887
14.539292400004342,-25
14.547320200013928,322
14.556771600036882,165
14.563894200022332,-20
14.571500900026876,35
14.579834400035907,115
14.588155800011009,122
14.596022500016261,98
14.60405590001028,48
14.612507899990305,36
14.620147000008728,49
14.628736499988008,56
14.636546300025657,50
14.644759899994824,32
14.652948600007221,27
14.661373300012201,38
14.669269900012296,28
14.677272700006142,-5
14.68556820001686,-25
14.693727599980775,-22
14.701716899988241,-8
14.709385800000746,0
14.718115600000601,4
14.726083700021263,7
14.73428169998806,24
14.742564500018489,45
14.750573099998292,61
14.75858620001236,62
14.766942300018854,62
14.775325800001156,65
14.783433999982662,56
14.791506299981847,34
14.799294000025839,-7
14.807946900022216,-58
14.816179000015836,-106
14.824702400015667,-130
14.832601900037844,-119
14.840265900013037,-104
14.848529200011399,-111
14.857390100019984,-107
14.865314299997408,-84
14.873578800004907,-75
14.88175310002407,-93
14.889680000022054,-110
14.898125000006985,-116
14.905729799997061,-105
14.914096900029108,-110
14.92222499998752,-130
14.930732299981173,-127
14.939405700017232,-123
14.947903199994471,-151
14.956136299995705,-193
14.963906400022097,-216
14.971636999980547,-226
14.980659799999557,-249
14.988680500013288,-274
14.99693920003483,-259
15.00544819998322,-179
15.013311600021552,-104
15.021461200027261,-85
15.02946069999598,-71
15.037772500014398,-29
15.045764399983454,20
15.05398269998841,58
15.062127400015015,12
15.070529600023292,-96
15.07833590003429,-80
15.086768099979963,89
15.094932599982712,245
15.103311599988956,180
15.111678300017957,-1241
15.12042490002932,-1714
15.12793270003749,-1315
15.136373299988918,-403
15.144269299984444,275
15.152581500005908,349
15.161214300023858,104
15.168607500032522,15
15.176982200006023,105
15.18527419999009,142
15.193413000029977,144
15.201808099984191,169
15.210164399992209,173
15.218286900024395,140
15.225636499992106,96
15.234549899992999,63
15.24263890000293,70
15.25096030003624,101
15.25840039999457,106
15.266794900002424,67
15.275400999991689,56
15.283254600013606,73
15.291697599983308,62
15.299780100001954,39
15.307811399979983,27
15.315962900000159,33
15.324187299993355,46
15.332400700019207,57
15.340828099986538,57
15.348866900021676,58
15.356972299981862,60
15.364499200019054,84
15.372739500016905,104
15.381304199981969,95
15.389474900031928,67
15.39773690002039,44
15.405979700037278,23
15.414199899998493,-14
15.422417199995834,-59
15.430585200025234,-97
15.438764100021217,-145
15.446508900029585,-124
15.45469799998682,-106
15.463002800010145,-108
15.472463999991305,-136
15.481114700029138,-161
15.488361300027464,-156
15.49695589998737,-133
15.504866000032052,-122
15.51287490001414,-120
15.521187799982727,-115
15.529076799983159,-117
15.53761780000059,-138
15.545788199990056,-148
15.55396180000389,-160
15.562186600000132,-181
15.570473400002811,-197
15.578300499997567,-206
15.587451500003226,-228
15.594864799990319,-261
15.60349910001969,-279
15.611529999994673,-128
15.619273199990857,-52
15.627770800027065,-27
15.635806599981152,-11
15.643903599993791,28
15.652163600025233,62
15.6604124000296,58
15.668131400016136,5
15.676578400016297,-12
15.684979500016198,91
15.693166900018696,235
15.701461700024083,302
15.709265000012238,80
15.71760259999428,-626
15.726164599996991,-1419
15.734321099997032,-1588
15.742394500004593,-935
15.750463300035335,-53
15.758350000018254,363
15.767105100036133,247
15.77510590001475,88
15.783338100009132,161
15.791552199982107,144
15.799765600007959,138
15.807971200032625,140
15.816475600004196,136
15.824615199991968,138
15.832845100027043,134
15.84102150000399,121
15.84882860002108,103
15.856602300016675,88
15.865104900032748,77
15.873557600018103,65
15.88096909999149,63
15.889251000015065,71
15.898125600011554,75
15.905521399981808,64
15.914763599983416,47
15.921794200025033,48
15.92992880003294,61
15.939048500033095,71
15.946564699988812,75
15.954507599992212,83
15.962711400003172,85
15.971836099983193,87
15.980008199985605,87
15.988287799991667,83
15.996003600012045,68
16.00464280002052,46
16.012283099989872,8
16.020876299997326,-38
16.028894599992782,-79
16.03655160003109,-106
16.045162199996412,-113
16.053917600016575,-103
16.061994699994102,-90
16.06960170000093,-75
16.07799860002706,-80
16.08621670003049,-114
16.094321199983824,-135
16.102532399992924,-121
16.110565799986944,-118
16.11924030003138,-134
16.126937000022735,-130
16.13528420001967,-120
16.143378200009465,-113
16.151684699987527,-114
16.160069500037935,-124
16.167958999983966,-124
16.17631920002168,-134
16.18473159999121,-157
16.193068700027652,-182
16.2010094000143,-211
16.20916710002348,-233
16.217367700010072,-233
16.225527100032195,-204
16.23376420000568,-145
16.24192060000496,-81
16.250864700006787,-33
16.257971599989105,-18
16.266378900036216,-8
16.27443809999386,18
16.282786399999168,56
16.290844600007404,37
16.298935800034087,-10
16.306918899994344,64
16.315974100027233,202
16.323438599996734,287
16.331660700030625,46
16.340039400034584,-697
16.348128399986308,-1459
16.35669779998716,-1524
16.36479279998457,-788
16.372855700028595,67
16.381718299991917,383
16.38946949999081,180
16.397267299995292,-11
16.4057724000304,80
16.414050600025803,192
16.422174000006635,161
16.430507000011858,120
16.438402200001292,106
16.447404100035783,109
16.454820499988273,90
16.46299909998197,68
16.471318800002337,77
16.47961460001534,84
16.487308499985375,69
16.495645600021817,44
16.504663900006562,36
16.512683900014963,25
16.52012519998243,12
16.528237199992873,6
16.536141099990346,8
16.5446823000093,16
16.552820299984887,23
16.560920400021132,28
16.569056000036653,50
16.57786010002019,78
16.58568890002789,80
16.593537700013258,63
16.601993900025263,67
16.610066600027494,95
16.618229100015014,57
16.62605880002957,10
16.63447280001128,-3
16.643197900033556,-32
16.651132600032724,-76
16.659067400032654,-105
16.667357400001492,-98
16.674936400027946,-92
16.683602800010704,-107
16.692166200024076,-113
16.69992019998608,-94
16.708687699981965,-91
16.71583840000676,-106
16.724796499998774,-123
16.73274390003644,-111
16.741054099984467,-109
16.749253100017086,-120
16.757439400011208,-122
16.765547799994238,-112
16.77432620001491,-109
16.78197300003376,-130
16.790558799984865,-124
16.798813500034157,-107
16.80643679999048,-100
16.814903800026514,-92
16.82307620003121,-72
16.832028899982106,-70
16.840066600008868,-80
16.84748789999867,-77
16.855147299997043,-55
16.863945099990815,-41
16.87203110003611,-48
16.880253500014078,-68
16.888494900020305,-94
16.896945699991193,-121
16.905614999996033,-153
16.913070200011134,-191
16.921488800027873,-205
16.929400700028054,-179
16.937878000026103,-111
16.945719700015616,-29
16.953879899985623,16
16.96219170000404,17
16.970646400004625,-14
16.97838560002856,19
16.986555700015742,5
16.994667900027707,-36
17.002763900032733,1
17.011795500002336,126
17.019364200008567,262
17.02819660003297,89
17.036301399988588,-596
17.044077400001697,-1314
17.052530099987052,-1351
17.060319799988065,-654
17.068603200023063,101
17.077007899992168,338
17.085552000033204,143
17.093668100016657,-4
17.10185370000545,75
17.10967169998912,135
17.117800100008026,103
17.12576160003664,104
17.134195299993735,79
17.14225079998141,57
17.15054639999289,55
17.159295700024813,62
17.166715700004715,62
17.1743892999948,49
17.182870000018738,35
17.19087320001563,18
17.201012899982743,12
17.207206799997948,26
17.215715199999977,48
17.224239200004376,38
17.23187690001214,-5
17.24006229999941,-34
17.248179799993522,-8
17.256469400017522,50
17.264478199998848,60
17.272198499995284,23
17.280865799984895,3
17.288727100007236,42
17.29724600003101,95
17.305118800024502,61
17.313018399989232,34
17.321153199998662,33
17.32934810000006,24
17.337862899992615,-9
17.346028200001456,-48
17.353765100007877,-82
17.362658200028818,-105
17.37083209998673,-112
17.379246400028933,-102
17.387133400014136,-84
17.395436300022993,-68
17.40329450002173,-72
17.41162929998245,-97
17.41993570001796,-99
17.428200100024696,-72
17.436220100033097,-56
17.444459600024857,-73
17.45274789998075,-109
17.46086120000109,-127
17.469762700027786,-118
17.477562299987767,-112
17.48601829999825,-105
17.493670199997723,-89
17.50128130003577,-84
17.51000800001202,-79
17.51778180000838,-64
17.52581249998184,-50
17.534038099984173,-49
17.542632700002287,-59
17.550482899998315,-65
17.55933240003651,-56
17.56674750003731,-43
17.574952199996915,-39
17.58317180001177,-35
17.591553499980364,-23
17.599896600004286,-16
17.607855100010056,-25
17.617282300023362,-34
17.624918000015896,-28
17.632859000004828,-20
17.640790400037076,-24
17.648910299991257,-52
17.657445200020447,-165
17.665537900000345,-152
17.673453900031745,-74
17.681703399983235,7
17.690023300005123,32
17.697862400033046,26
17.705895800027065,17
17.714242200017907,29
17.72223070001928,69
17.730490799993277,39
17.73831159999827,-21
17.74703580001369,18
17.755634900007863,168
17.763519300031476,305
17.771608499984723,111
17.779917599982582,-586
17.788207200006582,-1308
17.79646280000452,-1356
17.804617699992377,-683
17.813632200006396,69
17.821422500011977,336
17.828745500009973,31
17.83668960002251,99
17.845366100023966,157
17.85321750002913,112
17.86161419999553,84
17.86945260001812,79
17.877599200000986,86
17.886123700009193,100
17.894025999994483,90
17.90249170002062,73
17.911698699987028,60
17.9189544999972,60
17.926922000013292,71
17.934748300001957,63
17.943466700031422,44
17.951157300034538,19
17.959211600013077,-1
17.96861149999313,10
17.97557330003474,44
17.985781700001098,45
17.991762200021185,5
18.000067699991632,-22
18.00830980000319,58
18.016507800028194,88
18.024926499987487,72
18.032801800000016,58
18.041732800018508,66
18.049475500010885,68
18.058032500033733,65
18.066166300035547,55
18.074574100028258,11
18.082529800012708,-52
18.090650100028142,-86
18.09831969998777,-95
18.10721679998096,-111
18.115606200008187,-119
18.123427900020033,-103
18.13162940001348,-62
18.139576699992176,-43
18.14794759999495,-71
18.15611570002511,-85
18.164573799993377,-60
18.172232699987944,-48
18.18094089999795,-121
18.188902300025802,-134
18.19662080000853,-119
18.20519060001243,-95
18.213322499999776,-90
18.22139269998297,-101
18.229781900008675,-99
18.237787500023842,-82
18.24623170000268,-67
18.254431000037584,-67
18.262597399996594,-69
18.270946700009517,-55
18.27869190002093,-58
18.286667499982286,-79
18.295269900001585,-69
18.303193400031887,-29
18.31147620000411,2
18.31947330001276,-2
18.32746960001532,-22
18.335770300007425,-14
18.344007899984717,-11
18.352221200009808,-42
18.360545700008515,-123
18.368649500014726,-116
18.37669730000198,-113
18.385261700022966,-107
18.39326079998864,-74
18.401539199985564,-21
18.409752000006847,12
18.417309699987527,-18
18.426144600030966,-49
18.434573800012004,-15
18.442266800033394,11
18.450540899997577,-44
18.45867950003594,-67
18.46675950003555,41
18.475092000036966,184
18.483357699995395,87
18.49161379999714,-467
18.500220799993258,-1181
18.508017599990126,-1431
18.51622849999694,-946
18.524641400028486,-149
18.532777299988084,336
18.540176199981943,98
18.549005799985025,23
18.55655320000369,82
18.565192200010642,96
18.572667100001127,93
18.580774400033988,96
18.589026600006036,98
18.597144900006242,83
18.60527960001491,53
18.61346570000751,44
18.62165799998911,56
18.630033100023866,65
18.637938800035045,50
18.646108800021466,20
18.654161099984776,4
18.662487099994905,12
18.670581199985463,26
18.6787491000141,16
18.68681570002809,-2
18.695051999995485,-11
18.703194200003054,16
18.711444100015797,44
18.719566599989776,15
18.72754970000824,6
18.735863699985202,38
18.74447330000112,111
18.752517200016882,159
18.760763099999167,156
18.7698649999802,130
18.7778519000276,95
18.785950399993453,36
18.79372419998981,-6
18.80212050001137,-30
18.8103399000247,-55
18.81875640002545,-85
18.826835600018967,-115
18.83482739998726,-112
18.843043700035196,-92
18.851455900003202,-91
18.859564399986994,-71
18.867552499985322,-48
18.875538900028914,-59
18.883776400005445,-160
18.892182299983688,-163
18.90091140003642,-132
18.908835800015368,-106
18.91679829999339,-98
18.925503899983596,-103
18.93313570000464,-127
18.94145149999531,-170
18.94982500001788,-182
18.95797400001902,-168
18.96612430003006,-160
18.974390999996103,-136
18.982577199989464,-114
18.990641999989748,-118
18.998938200005796,-127
19.007213000033516,-143
19.015983299992513,-167
19.023585000017192,-178
19.03112619998865,-165
19.040176299982704,-121
19.04820349998772,-67
19.05617140000686,-75
19.06435480003711,-96
19.072538700012956,-73
19.080835900036618,-55
19.088933199993335,-97
19.097325499984436,-124
19.104908099980094,-75
19.113520800019614,20
19.121667100000195,39
19.12992239999585,-242
19.138204300019424,-847
19.1463664000039,-1358
19.154605799994897,-1310
19.162735300022177,-680
19.17105890001403,19
19.179310599982273,271
19.187605699989945,104
19.1958861000021,-70
19.20307829999365,-49
19.211206600011792,22
19.220182100019883,23
19.22802410001168,-56
19.236360499984585,-35
19.244289099995513,-38
19.252707400009967,-86
19.261073800036684,-107
19.269246199983172,-100
19.27738959999988,-80
19.28527110000141,-56
19.29353920003632,-55
19.30176300002495,-69
19.309961599996313,-71
19.318023100029677,-71
19.326105099986307,-53
19.334037800028455,-47
19.34206420002738,-70
19.35024559998419,-73
19.359026100020856,-19
19.366709600028116,39
19.374783499981277,75
19.38341579999542,92
19.391914100036956,100
19.400897299987264,101
19.408109400013927,76
19.416266900021583,72
19.424383100005798,51
19.432455600006506,-20
19.44091230002232,-91
19.449209599988535,-110
19.457337800005917,-76
19.46555309998803,-21
19.47330630000215,-12
19.481833200028632,-54
19.48995429999195,-89
19.49837510002544,-103
19.50635169999441,-105
19.514407899987418,-74
19.52312259998871,-62
19.53092440002365,-97
19.539170300005935,-127
19.547400799987372,-128
19.554971700010356,-130
19.563253800035454,-108
19.57190300000366,-83
19.580089099996258,-91
19.58829909999622,-129
19.596741200017277,-147
19.60474370000884,-146
19.612850999983493,-139
19.621137199981604,-128
19.62949000002118,-143
19.63779240002623,-177
19.645969400007743,-195
19.65375400002813,-137
19.66165570000885,-17
19.67025319999084,59
19.678419700008817,28
19.68708310002694,-44
19.69494760001544,-60
19.702651900006458,-24
19.71118749998277,-12
19.71935010002926,-43
19.727584299980663,-49
19.735626000037882,29
19.74360929999966,225
19.751778599980753,-79
19.76029380003456,-767
19.76880840002559,-1300
19.77759260003222,-1136
19.78519419999793,-403
19.794279500027187,248
19.801437599991914,404
19.809758200019132,232
19.817929100012407,93
19.825904900033493,65
19.83411310001975,60
19.842228099994827,113
19.850590499991085,187
19.858955200004857,170
19.867121100018267,102
19.8751035000314,78
19.88268139999127,88
19.891753300034907,85
19.89952199999243,76
19.908228999993298,103
19.916162199981045,109
19.923821400036104,127
19.932246199983638,152
19.940706800029147,142
19.9490167000331,109
19.957133100018837,128
19.96527360001346,166
19.973353800014593,142
19.981958799995482,80
19.989964200009126,70
19.99812370003201,130
20.006354200013448,219
20.014839600014966,271
20.02265300002182,284
20.030946200015023,292
20.03912600001786,274
20.04731009999523,220
20.055575700011104,171
20.063144900021143,147
20.07290720002493,170
20.080244500015397,137
20.08837810001569,81
20.0965149999829,65
20.104477800021414,71
20.112220100010745,77
20.120594899985008,90
20.129127699998207,104
20.137286800018046,117
20.14556050003739,119
20.153443599992897,99
20.161690499982797,77
20.17009989998769,60
20.17858000000706,50
20.186238800000865,60
20.19476520002354,74
20.202097800036427,54
20.21080499998061,6
20.219134900020435,-11
20.22703150002053,19
20.234964000002947,50
20.242727300035767,-45
20.251190199982375,-87
20.25963079999201,-95
20.267910099995788,-63
20.275819800037425,5
20.284337799996138,76
20.292135299998336,110
20.300359199987724,99
20.30860930000199,81
20.316407300007995,86
20.324794100015424,135
20.33295290003298,172
20.341311600001063,138
20.349452700000256,115
20.35785319999559,171
20.366016799991485,314
20.37379250000231,391
20.381857300002594,-3
20.390319800004363,-805
20.398703199985903,-1294
20.406643500027712,-71
20.414897900016513,513
20.423084300011396,500
20.431987899995875,228
20.44035420002183,130
20.448697599989828,198
20.456833100004587,202
20.464700200012885,189
20.47320980002405,216
20.481066300009843,234
20.48935500002699,219
20.497786100022495,181
20.505957400018815,142
20.51424250000855,127
20.521852799982298,132
20.529857499990612,135
20.53862140001729,117
20.546678200014867,85
20.554922799987253,71
20.562931000022218,75
20.570643900020514,78
20.579695600026753,54
20.587347900029272,11
20.59553639998194,25
20.603694199991878,49
20.611670100013725,46
20.619735900021624,30
20.628186099987943,34
20.636386800033506,43
20.644517900014762,56
20.652690200018696,49
20.660307699989062,-4
20.66902359999949,-46
20.677197900018655,-10
20.68528650002554,41
20.693383499979973,2
20.701773900014814,-114
20.71004219999304,-185
20.71796630002791,-140
20.726407299982384,-58
20.734595399990212,-77
20.742986700031906,-160
20.750871900003403,-139
20.759262999985367,-101
20.76754119998077,-139
20.776220900006592,-201
20.783909199992195,-205
20.792126599990297,-142
20.800410500029102,-110
20.80856810003752,-161
20.816937200026587,-219
20.825213300006,-212
20.833220800035633,-170
20.841128600004595,-160
20.849825699988287,-168
20.857963200018276,-143
20.86625580000691,-120
20.874317699985113,-151
20.88247449998744,-214
20.891163100022823,-257
20.898930700030178,-255
20.907141100033186,-233
20.915476399997715,-203
20.923908700002357,-134
20.931176599988248,-21
20.939552400028333,-31
20.948094199993648,-51
20.95641899999464,-54
20.96441060001962,-37
20.972912000026554,-48
20.980481300037354,-78
20.98909620003542,-47
20.997196900018025,79
21.005587899999227,242
21.0138310000184,132
21.02197739999974,-543
21.030322100035846,-1340
21.039015499991365,-1457
21.04662079998525,-726
21.05537469999399,139
21.06322100001853,408
21.07114910002565,141
21.07941830001073,-97
21.087593400035985,-18
21.095868200005498,96
21.10378220002167,68
21.11161030002404,40
21.119964400015306,-5
21.128338199981954,-23
21.136465499992482,-23
21.145142499997746,-1
21.15279790002387,2
21.161071499984246,-27
21.16900390002411,-61
21.177352600032464,-63
21.185530600021593,-36
21.193643599981442,-18
21.201867200026754,-42
21.20939490001183,-91
21.218240400019567,-117
21.22635569999693,-97
21.234625499986578,-69
21.242857000033837,-70
21.252122599980794,-88
21.258839100017212,-73
21.267269900010433,-47
21.275451600027736,-32
21.283655699982774,-29
21.291987300035544,-28
21.29932240000926,-30
21.30784790002508,-50
21.316130299994256,-94
21.324707799998578,-126
21.33251520001795,-118
21.340727300033905,-108
21.348425999982283,-126
21.356592900003307,-149
21.364920400024857,-147
21.373170399980154,-128
21.3815538000199,-131
21.389853000000585,-150
21.39874289999716,-149
21.40691030002199,-134
21.414967000018805,-149
21.423227999999654,-174
21.431732100027148,-154
21.4392860000371,-161
21.44788300001528,-189
21.456269400019664,-190
21.464154799992684,-173
21.472581700014416,-186
21.480246799997985,-220
21.48883610003395,-221
21.497096700011753,-196
21.505457899998873,-179
21.513671100023203,-172
21.521953999996185,-152
21.52981869998621,-129
21.538223500014283,-130
21.546409900009166,-139
21.55461120000109,-117
21.562869500019588,-98
21.570945999992546,-145
21.579230300034396,-222
21.5874464000226,-268
21.595614399993792,-273
21.603880000009667,-190
21.612598899984732,-104
21.6201877000276,-30
21.628444300033152,-30
21.636994600004982,-82
21.644882900000084,-107
21.653227899980266,-70
21.660842299985234,-30
21.669417000026442,-74
21.677497100026812,-145
21.685664999997243,-97
21.6938639000291,65
21.701630000025034,213
21.71009230002528,14
21.718438000010792,-730
21.72721179999644,-1500
21.735116099996958,-1503
21.743695900018793,-699
21.750867400027346,119
21.75964629999362,304
21.76792720000958,-156
21.775198000017554,-53
21.784000899991952,47
21.79211550002219,25
21.799771599995438,6
21.80849500000477,-25
21.81669010000769,-75
21.824849000026006,-74
21.833612099988386,-41
21.840898099995684,-19
21.850165000010747,-30
21.85759929998312,-51
21.865839400037657,-76
21.873924600018654,-83
21.88213680003537,-72
21.889968700008467,-64
21.898431800014805,-77
21.906598600035068,-90
21.914816500036977,-88
21.923078300023917,-78
21.931037800037302,-99
21.93978580000112,-118
21.947635999997146,-117
21.95584340003552,-100
21.963367499993183,-68
21.97202250000555,-53
21.98020600003656,-67
21.988383600022644,-87
21.99658959999215,-77
22.00485560001107,-61
22.012986699992325,-66
22.021310699987225,-104
22.029251500032842,-155
22.037773000018205,-179
22.045877500029746,-159
22.054265499988105,-136
22.062255700002424,-135
22.070042499981355,-142
22.078743399993982,-136
22.086839900002815,-119
22.095167900028173,-105
22.10352130001411,-150
22.11163400002988,-167
22.119202100031544,-175
22.12750010000309,-190
22.13552970002638,-210
22.14597060001688,-225
22.15221410000231,-236
22.16042650002055,-240
22.16831059998367,-252
22.1770692000282,-263
22.184811000013724,-273
22.19474370003445,-271
22.202390899998136,-240
22.210974299989175,-205
22.218102900020313,-188
22.226091900025494,-194
22.23490330000641,-189
22.243805400037672,-155
22.251682900008745,-116
22.25910440000007,-107
22.26717320003081,-133
22.27527400001418,-157
22.284959500015248,-133
22.29184289998375,-100
22.299865900014993,-89
22.30821879999712,-99
22.317466899985448,-107
22.324757700029295,-96
22.332526199985296,-72
22.340816500014625,-66
22.3492142999894,-90
22.35767820000183,-121
22.365374199987855,-134
22.373707599996123,-119
22.381880300003104,-120
22.39017850003438,-137
22.398508300015237,-130
22.40640939999139,-74
22.414357700035907,-23
22.42257830000017,-29
22.432081900013145,-83
22.44008660002146,-41
22.44834310002625,-23
22.455968700000085,-113
22.464253599988297,-147
22.47196980001172,-29
22.480619000038132,177
22.488986200012732,211
22.497589999984484,-281
22.505300100019667,-1094
22.514218299998902,-1476
22.5226030999911,-1025
22.53031830000691,-176
22.538852700032294,301
22.54735619999701,186
22.55481940001482,-71
22.56306960002985,-65
22.57093889999669,60
22.57922170002712,60
22.587282299995422,15
22.595013400015887,8
22.603577700036112,20
22.611783600004856,23
22.619899899989832,18
22.628024300036486,8
22.636443499999586,-12
22.64441090001492,-13
22.652699100028258,14
22.660742399981245,29
22.668806400033645,15
22.677152600022964,-11
22.685408900026232,-38
22.693401199998334,-29
22.70170530001633,27
22.709089700016193,82
22.718046900001355,75
22.727406000019982,12
22.734212999988813,-30
22.742432400002144,-10
22.750368500011973,39
22.758398200036027,61
22.76699390000431,55
22.775180800003,66
22.783422000007704,55
22.791404100018553,37
22.79908060003072,27
22.8078080000123,16
22.8158901000279,-6
22.824205300014,-27
22.832372200035024,-31
22.840426400012802,-32
22.847908700001426,-34
22.85689039999852,-18
22.864788400009274,4
22.87303640000755,25
22.881133600021712,28
22.889261400036048,6
22.897058800037485,-14
22.905598199984524,-21
22.956821700034197,-18
22.95691100001568,-18
22.95699470001273,-19
22.957086400012486,-48
22.958580899983644,-43
22.958665299986023,-32
22.962041500024498,-41
22.970259400026407,-52
22.97857350000413,-54
22.986681299982592,-50
22.99478290003026,-32
23.002965799998492,-20
23.01114379998762,-13
23.01923610002268,-3
23.027689500013366,4
23.03562730003614,7
23.043617599993013,3
23.051709600025788,-1
23.059758500021417,3
23.068009999988135,14
23.076183400000446,31
23.084348000003956,26
23.092547499982174,20
23.100626300030854,41
23.108818000007886,59
23.1168139000074,9
23.125197399989702,18
23.133339699998032,62
23.141682900022715,81
23.149739500018768,47
23.15842450002674,2
23.16656400001375,34
23.174342099984642,99
23.182754900015425,50
23.19077180000022,-33
23.198689099983312,9
23.20814679999603,172
23.21536209998885,290
23.223852800030727,8
23.232435900019482,-725
23.24011650000466,-1315
23.249468800029717,-1148
23.257589699991513,-382
23.265392900037114,245
23.27326320001157,312
23.281144500011578,50
23.289076099987142,-66
23.297348899999633,108
23.305366199987475,70
23.314461800036952,45
23.321784000028856,21
23.32989130000351,-5
23.33897270000307,-11
23.346308399981353,-1
23.354555700032506,18
23.363332299981266,36
23.370811100001447,30
23.37874690000899,0
23.387091999989934,-34
23.396123400016222,-31
23.403481199988164,-6
23.411438499984797,9
23.420081600022968,5
23.428431100037415,-3
23.435780800005887,-11
23.444322500028647,-21
23.45277040003566,-24
23.46037470002193,-8
23.468734599999152,19
23.477504700014833,35
23.484976499981713,37
23.494063100020867,45
23.50120430003153,40
23.50979909999296,46
23.517553900019266,58
23.525738700001966,40
23.53539820003789,2
23.54281960002845,-42
23.550561200012453,-63
23.558843499980867,-60
23.56714290002128,-65
23.574780500028282,-75
23.58292389998678,-65
23.592061700008344,-43
23.599812700005714,-38
23.607287599996198,-56
23.615499200008344,-82
23.624228500004392,-102
23.63200089999009,-81
23.64052900002571,-48
23.64870050002355,-35
23.656461100035813,-89
23.664820900012273,-114
23.674062000005506,-102
23.681276399991475,-67
23.68980420002481,-46
23.697287200018764,-50
23.705422300030477,-64
23.713729400013108,-79
23.722049400035758,-78
23.73082820000127,-59
23.738523000036366,-58
23.746373800036963,-68
23.754512600018643,-58
23.762852900021244,-24
23.770773400028702,0
23.779871999984607,-12
23.787238400022034,-50
23.79533230001107,-57
23.80349010002101,-29
23.811729900015052,-27
23.820163800031878,-62
23.828464400023222,-90
23.83683960000053,-98
23.844409300014377,-60
23.852648500003852,-13
23.860707100015134,23
23.869612400012556,33
23.87707380001666,6
23.885052600002382,-26
23.893272800021805,-16
23.901461000030395,-37
23.909772599989083,-82
23.918433299986646,-28
23.926847400027327,110
23.934259700006805,252
23.94249679998029,139
23.950726000010036,-454
23.960234300000593,-1160
23.96724740002537,-1296
23.97549640003126,-683
23.983447000035085,76
23.99180050002178,357
24.000030900002457,157
24.008628299983684,-80
24.01696280000033,52
24.02450040000258,48
24.03345809999155,40
24.04108009999618,21
24.04957989999093,-15
24.05806459998712,-31
24.065532799984794,-24
24.073448800016195,-3
24.082603999995627,20
24.089837300009094,24
24.098898000025656,-5
24.10649839998223,-31
24.11421710002469,-25
24.12228040001355,-4
24.130376200017054,5
24.139470599999186,-4
24.147729800024536,-8
24.15494600002421,-4
24.16382730001351,-7
24.171037500025705,-8
24.180033000011463,0
24.187186800001655,0
24.196130600001197,5
24.20370600000024,44
24.211775799980387,78
24.2199108999921,73
24.228116900019813,42
24.23668470000848,14
24.245025800017174,7
24.2533914000378,-3
24.260827000020072,-36
24.26886559999548,-76
24.278608500026166,-101
24.286689100030344,-111
24.294732799986377,-101
24.302034899999853,-80
24.310769400035497,-68
24.318985700025223,-67
24.327257100027055,-59
24.33530780003639,-47
24.342919200018514,-55
24.350571700022556,-84
24.358793399995193,-94
24.36699290003162,-77
24.37578390003182,-100
24.384191900026053,-112
24.39239200000884,-95
24.400066400005016,-79
24.40784870000789,-85
24.416131300036795,-99
24.42499010002939,-106
24.432587300019804,-96
24.440782900026534,-81
24.449282600020524,-70
24.457171300018672,-67
24.46542910003336,-68
24.473984899988864,-64
24.48173900000984,-61
24.489856500003953,-59
24.49801420001313,-45
24.506314800004475,-29
24.515612700022757,-36
24.52318010001909,-46
24.530793500016443,-39
24.539530600013677,-42
24.54703660000814,-50
24.555388999986462,-66
24.564394299988635,-67
24.572250800032634,-60
24.579791800002567,-43
24.589090200024657,-17
24.596282900020014,-20
24.604486600030214,-50
24.612994000024628,-65
24.621001699997578,-64
24.629149899992626,-74
24.636955099995248,-78
24.64517450000858,-73
24.65421479998622,-90
24.66189550003037,-149
24.66990049998276,-207
24.67800100002205,-194
24.687120800022967,-95
24.694533300003968,1
24.70232819998637,24
24.710842500033323,-19
24.718773500004318,-65
24.726860800001305,-62
24.735301200009417,-102
24.74437550001312,-69
24.7520622999873,62
24.760023300012108,202
24.767755100037903,67
24.777344300004188,-572
24.78454209998017,-1310
24.793784000037704,-1426
24.801282500033267,-767
24.808948800025973,31
24.817264700017404,334
24.82539710000856,158
24.833890400012024,-47
24.842119799985085,0
24.850548800022807,89
24.857953800004907,67
24.866222799988464,41
24.874225399980787,35
24.882772999990266,46
24.890900900005363,63
24.898737200011965,61
24.90686749998713,17
24.91490790003445,5
24.92301090003457,1
24.931822600017767,7
24.94030760001624,11
24.947659400000703,19
24.95581230003154,20
24.963820900011342,6
24.97290900000371,-24
24.980765499989502,-48
24.988812800031155,-44
24.996579800033942,-21
25.00469279999379,-15
25.012837300018873,-27
25.02113740000641,-32
25.03035000001546,-4
25.03730160003761,25
25.04569850000553,29
25.05373200000031,21
25.062023300037254,25
25.070727800019085,35
25.07852909999201,-16
25.086328500008676,-40
25.094475399993826,-61
25.102759700035676,-81
25.111045600031503,-105
25.120294300024398,-106
25.127880299987737,-76
25.13611960003618,-42
25.144779100024607,-37
25.151819300022908,-59
25.160435600031633,-75
25.168755799997598,-78
25.17637460003607,-73
25.18443969998043,-66
25.192746700020507,-57
25.20083500002511,-43
25.20913999999175,-47
25.217899099981878,-82
25.225553199998103,-121
25.233935600030236,-116
25.24186660000123,-70
25.25056890002452,-38
25.258888599986676,-73
25.266816099989228,-73
25.274506299989298,-45
25.283914600033313,-20
25.29121130000567,-19
25.299388399987947,-40
25.30783629999496,-52
25.315316700027324,-37
25.324337600031868,-2
25.331582500017248,21
25.340332499996293,10
25.348878399992827,-17
25.356241300003603,-26
25.364577700034715,-19
25.37264369998593,-5
25.380535600008443,-2
25.389005900011398,-16
25.397986399999354,-19
25.40600479999557,-14
25.413127499981783,-8
25.422458700020798,-12
25.43044640001608,-9
25.43753310001921,15
25.446230600005947,-12
25.454503800021484,-37
25.46196610003244,-32
25.470187400002033,-16
25.47840040002484,-30
25.487240899994504,-42
25.495217100018635,-50
25.503190400020685,-85
25.51141049998114,-149
25.52104160003364,-189
25.528094200009946,-142
25.536975700000767,-39
25.5441708000144,22
25.552196600008756,14
25.56029779999517,-13
25.568909300025553,-2
25.57667829998536,31
25.585591899987776,-3
25.593139000004157,-40
25.601103399996646,23
25.61058989999583,178
25.617575799988117,-44
25.627431400003843,-842
25.634623899997678,-1471
25.64302120002685,-1289
25.650541400013026,-453
25.661560699983966,247
25.66725659999065,350
25.675796399998944,106
25.683205800014548,-11
25.69127110001864,72
25.699582600034773,88
25.707760800025426,51
25.71681970002828,60
25.72426240000641,60
25.732132699980866,45
25.74024280003505,32
25.748695000016596,34
25.756820900016464,47
25.76604399998905,41
25.77312269998947,13
25.78146700002253,-12
25.789272500027437,-2
25.797488400014117,26
25.805709999985993,-6
25.81472050002776,-38
25.823019100003876,-28
25.830053200013936,2
25.838134500023443,0
25.84650829999009,-22
25.855377400002908,-26
25.86325230001239,-11
25.870886699995026,8
25.878980799985584,22
25.887167599983513,31
25.89531629998237,34
25.90439460001653,19
25.911881499981973,-9
25.91986490000272,-15
25.927815300005022,-3
25.935897000017576,-9
25.94411390001187,-40
25.952899000025354,-75
25.96104170003673,-101
25.968752400018275,-97
25.977777799998876,-86
25.985701700032223,-67
25.99394570000004,-43
26.001653200015426,-30
26.010237400012556,-36
26.01849749998655,-52
26.026598800031934,-69
26.034957299998496,-83
26.04297559999395,-85
26.055819000001065,-91
26.0656218000222,-106
26.066749199992046,-116
26.075031900021713,-129
26.083293700008653,-126
26.091605000023264,-107
26.09962250001263,-93
26.10771810001461,-90
26.115901799988933,-95
26.124326599994674,-98
26.13228880002862,-96
26.140814299986232,-87
26.14861329999985,-40
26.15677100000903,-38
26.16492270003073,-57
26.17312110000057,-77
26.18136610003421,-69
26.189489100011997,-44
26.197640000027604,-31
26.20581640000455,-37
26.213968600030057,-47
26.222173299989663,-54
26.23047549999319,-53
26.23862130002817,-37
26.246708400023635,-25
26.25520499999402,-32
26.26302230003057,-48
26.271219399990514,-48
26.27943019999657,-48
26.287592999986373,-45
26.29577500000596,-34
26.30391260003671,-24
26.31210330000613,-35
26.320315800025128,-67
26.32853050000267,-49
26.336583900032565,-30
26.344793800031766,-55
26.352946600003634,-87
26.36111910000909,-73
26.36927760002436,-48
26.377735599991865,-44
26.38564520003274,-62
26.39410079998197,-69
26.40182490000734,-62
26.410110600001644,-51
26.418208300019614,-67
26.426607300003525,-115
26.434792199986987,-177
26.442983900022227,-211
26.451187500031665,-171
26.459528399980627,-88
26.46750540001085,-38
26.475698599999305,-37
26.4837687999825,-55
26.49193970003398,-38
26.500226699979976,-36
26.50827059999574,-73
26.51626290002605,3
26.52472330001183,156
26.532895100011956,221
26.541063599986956,-150
26.549406000005547,-956
26.55778030003421,-1535
26.56603789998917,-1286
26.574336700025015,-439
26.582350299984682,220
26.590671400015708,291
26.598752800025977,34
26.60711350000929,-62
26.615309300017543,54
26.623502100002952,93
26.63173680001637,51
26.639836799993645,38
26.648491100000683,31
26.655892900016624,24
26.665004800015595,12
26.67388740001479,-6
26.681102200003807,25
26.689120600000024,24
26.697542599984445,-4
26.705638199986424,-18
26.71374169999035,-11
26.72191100002965,-6
26.729926700005308,-7
26.73738459998276,-15
26.746212900034152,-23
26.754502700001467,-28
26.762691400013864,-31
26.77128190000076,-27
26.780758299981244,-20
26.787284600024577,-12
26.795144300034735,8
26.803230300021823,30
26.811485300015192,28
26.819498700031545,4
26.826907699985895,-7
26.83575040003052,12
26.843968600034714,32
26.852204199996777,-23
26.860339800012298,-69
26.86848619999364,-95
26.876593100023456,-90
26.88465309998719,-64
26.892949400004,-54
26.901218999992125,-58
26.909338299999945,-54
26.917202299984638,-33
26.92564259999199,-11
26.9339728000341,-15
26.94214490003651,-37
26.950171300035436,-36
26.95842330000596,-18
26.96589320001658,-22
26.97485160001088,-32
26.982996899983846,-40
26.990583800012246,-42
26.999220600002445,-38
27.007166800030973,-49
27.015169300022535,-70
27.02372070000274,-73
27.03195879998384,-49
27.04018750000978,-30
27.048353100020904,-17
27.056108799995854,-20
27.06469339999603,-28
27.072738100017887,-32
27.08110619999934,-41
27.089154199988116,-36
27.097360700019635,-14
27.10470460000215,-4
27.112789599981625,-8
27.121769900026266,-28
27.129492899985053,-41
27.13788310001837,-23
27.146106100000907,-3
27.154236700036563,-17
27.16259419999551,-43
27.17072619998362,-41
27.178016400022898,-9
27.18676140002208,7
27.194504600018263,-10
27.20505879999837,-30
27.21307009999873,-41
27.21963850001339,-31
27.22797680000076,-25
27.235782300005667,-22
27.243560999981128,-31
27.252104400016833,-42
27.26028899999801,-41
27.268916200031526,-36
27.276801500003785,-27
27.284859800012782,-26
27.292616199993063,-28
27.301116899994668,-43
27.30933250003727,-55
27.317568300000858,-48
27.325629200029653,-42
27.333696599991526,-49
27.34198299999116,-49
27.3497328000376,-46
27.358021299995016,-39
27.366102200001478,-27
27.374713300028816,-41
27.38306600000942,-104
27.391276600013953,-208
27.399361599993426,-135
27.407569400034845,-36
27.415564900031313,2
27.424204299983103,-16
27.432166900020093,-34
27.440591900027357,-15
27.44867339998018,-5
27.457274899992626,-43
27.465009499981534,-46
27.47276450000936,39
27.4809769000276,175
27.48966040002415,207
27.497939300024882,-227
27.505928400030825,-1044
27.514297100016847,-1535
27.522193400014658,-1167
27.53049189999001,-276
27.538648499990813,321
27.547479300003033,284
27.5550610999926,-5
27.563399300037418,-54
27.571854099980555,66
27.580048899981193,30
27.58823699998902,19
27.595378900005016,19
27.603595299995504,24
27.61203329998534,28
27.61973829998169,17
27.62772920000134,4
27.636583900020923,0
27.64403389999643,3
27.653108900005464,7
27.66185289999703,1
27.66940000001341,-12
27.677349900011905,-24
27.68604460003553,-28
27.69402400002582,-19
27.70262220001314,-20
27.709999300015625,-32
27.718373099982273,-41
27.72665860003326,-30
27.734555200033356,-7
27.74248419998912,8
27.750587399990764,-9
27.75817620003363,-3
27.766792099981103,6
27.775204800011124,15
27.783390500000678,28
27.791476399987005,30
27.799165799980983,12
27.807639500009827,-23
27.816140500013717,-69
27.824203600001056,-101
27.832338400010485,-99
27.84029439999722,-74
27.84832190000452,-57
27.856803200033028,-57
27.865194000012707,-58
27.873412700020708,-43
27.881503199983854,-20
27.889317900000606,-16
27.897294500027783,-35
27.905655900016427,-50
27.91386520001106,-43
27.922140699985903,-34
27.930108600005042,-39
27.938165200001094,-42
27.946521200006828,-42
27.954805799992755,-49
27.962798600026872,-55
27.971271999995224,-51
27.97867680003401,-46
27.987953100004233,-49
27.998012900003232,-42
28.004621000029147,-33
28.011908399988897,-20
28.019789199985098,-16
28.028686699981336,-13
28.0358794000349,-15
28.04540190001717,-26
28.05498230003286,-26
28.06123310001567,-17
28.068486400006805,-2
28.078855200030375,2
28.08478480001213,-14
28.093043800035957,-20
28.10107109998353,-7
28.109132200013846,3
28.11732200003462,-8
28.127223899995442,-20
28.134548800007906,-27
28.14260680001462,-8
28.1504147000378,6
28.158474099996965,1
28.16714790003607,-26
28.17507380002644,-39
28.18341470003361,-37
28.19167600001674,-28
28.199858399981167,-15
28.207931599987205,0
28.216923900006805,9
28.224081800028216,-9
28.23202290001791,-49
28.240569400019012,-62
28.24823570001172,-42
28.2567555999849,-29
28.26507710001897,-41
28.27316099999007,-56
28.28119720000541,-60
28.289461700012907,-21
28.29768309998326,-27
28.30578819999937,-45
28.31361760001164,-63
28.322033100004774,-89
28.330942600034177,-133
28.338547000021208,-183
28.346672000014223,-191
28.354752400016878,-134
28.363249699992593,-61
28.370718999998644,-26
28.379174200003035,-49
28.38775250001345,-66
28.39561930001946,-31
28.403553000011016,-35
28.411875499994494,-79
28.420132500003092,-48
28.428346600034274,81
28.436923500034027,205
28.44448010000633,31
28.452770000032615,-645
28.460995500034187,-1398
28.469563100021333,-1484
28.477327000000514,16
28.4857195999939,299
28.49443630001042,105
28.501851000008173,-84
28.509980800037738,-16
28.519608500006143,54
28.527322600013576,10
28.535378700005822,-9
28.552555300004315,12
28.552649900026154,13
28.559538300032727,-5
28.566998000023887,-28
28.575678499997593,-38
28.58358540001791,-21
28.592109600023832,-4
28.600507600000128,-30
28.609207700006664,-94
28.617886700027157,-122
28.62555070000235,-81
28.63335359998746,-33
28.641631999984384,-39
28.65076460002456,-78
28.658127700036857,-41
28.666102199989837,-25
28.674121899995953,-55
28.682132399990223,-86
28.690259199996945,-61
28.698590099986177,-28
28.706644600024447,-18
28.715028600010555,-18
28.724364300025627,-19
28.730987799994182,-24
28.738782900036313,-34
28.74762570002349,-39
28.755086900026072,-31
28.763056099996902,-30
28.77124550001463,-47
28.77944389998447,-76
28.787617399997544,-88
28.795709200028796,-77
28.803907499997877,-62
28.81199130002642,-37
28.820131900021806,-4
28.829338899988215,4
28.836524099984672,14
28.84458720003022,20
28.85276730003534,11
28.860925299988594,-12
28.86913010000717,-24
28.87732850003522,-10
28.885460500023328,-1
28.893590099993162,-17
28.901784799993038,-44
28.910239899996668,-49
28.918134000035934,-41
28.926685600017663,-35
28.934670499991626,-38
28.94364489999134,-42
28.952340000018012,-40
28.960080899996683,-49
28.968490800005384,-69
28.976415299985092,-69
28.98462770000333,-46
28.992708900012076,-29
29.00028039998142,-17
29.008612899982836,-19
29.017259199987166,-33
29.025173600006383,-52
29.033657799998764,-44
29.0416565000196,-17
29.049360600009095,-2
29.057984500017483,-16
29.06588270002976,-44
29.073492900002748,-43
29.081672200001776,-31
29.08979719999479,-30
29.098584200022742,-45
29.10609309998108,-58
29.114293200022075,-64
29.123251100012567,-58
29.13145580003038,-55
29.13942920003319,-49
29.147424200025853,-31
29.15601289999904,-15
29.164170800009742,-32
29.17215060000308,-76
29.180376200005412,-91
29.188747000007425,-55
29.196852900029626,-43
29.205400399980135,-51
29.213358999986667,-41
29.221446199982893,-21
29.229714900022373,-24
29.23743330000434,-49
29.245883500028867,-63
29.254028199997265,-44
29.262085800000932,-25
29.271431900036987,-64
29.27872750000097,-144
29.28678409999702,-188
29.295971299987286,-160
29.303288499999326,-85
29.31164319999516,-25
29.319041899987496,-3
29.32779449998634,-11
29.33644440001808,-14
29.344291399989743,-1
29.35257330001332,-33
29.360545100003947,13
29.368631999997888,166
29.376172000018414,275
29.384948000020813,-7
29.39276230003452,-776
29.401253500021994,-1416
29.409442400035914,-1258
29.417552400031127,-444
29.425934800005052,249
29.434279299981426,361
29.442249900021125,108
29.449788300029468,-31
29.45793600002071,60
29.46620660001645,110
29.474625000031665,71
29.48264940001536,58
29.49069629999576,50
29.500062600011006,41
29.508517600013874,36
29.515601199993398,36
29.524159400025383,28
29.532114700006787,21
29.540115499985404,24
29.548542300006375,35
29.55608370003756,29
29.56485690001864,2
29.572856799990404,-28
29.581179800035898,-30
29.58920390001731,-10
29.59735350002302,-2
29.604949600005057,-16
29.61423800000921,-38
29.621994799992535,-52
29.630028099985793,-45
29.638181300018914,-30
29.646184000012,-29
29.654232100001536,-39
29.662812800030224,-52
29.670924699981697,-58
29.679165399982594,-49
29.687416000000667,-34
29.694864100019913,-43
29.703850899997633,-81
29.711769099987578,-131
29.720294200000353,-116
29.72830180003075,-114
29.73637559998315,-119
29.744383900018875,-105
29.75275210000109,-70
29.760984799999278,-35
29.76916369999526,-30
29.777370000025257,-47
29.78504950000206,-59
29.795500800013542,-68
29.801779100031126,-72
29.810649699997157,-72
29.818110899999738,-67
29.82652559998678,-56
29.834509600012098,-47
29.842817900003865,-60
29.850257300015073,-82
29.859491700015496,-93
29.86670640000375,-80
29.876060399983544,-65
29.883750100038014,-70
29.892387200030498,-119
29.901289800007362,-90
29.908338300010655,-64
29.91638409998268,-71
29.924550499999896,-79
29.932796100038104,-69
29.942003300006036,-51
29.94934110000031,-56
29.95739070000127,-79
29.965508299996145,-84
29.972792499989737,-68
29.9817734999815,-53
29.989791700034402,-53
29.998164599994197,-54
30.00618480000412,-45
30.01418170001125,-33
30.0221876000287,-28
30.030062599980738,-40
30.0387078000349,-58
30.04693190002581,-63
30.055140500015114,-59
30.062906200008,-45
30.07157880003797,-51
30.07971760001965,-55
30.08823230001144,-43
30.095973999996204,-15
30.104796900006477,-2
30.11180559999775,-28
30.12039029999869,-83
30.12876039999537,-93
30.13606400002027,-31
30.144867399998475,6
30.15294649999123,-21
30.16091909998795,-92
30.1695770000224,-109
30.177761200000532,-55
30.18595590000041,-57
30.194428500020877,-126
30.201898300030734,-108
30.210529700038023,21
30.218767300015315,152
30.226800600008573,-15
30.235176899994258,-654
30.24327069998253,-1448
30.251261900004465,-792
30.259546599991154,5
30.267997900024056,331
30.276179699983913,176
30.284838200022932,-25
30.291987899981905,-5
30.30121920001693,56
30.30853079998633,35
30.316876800032333,18
30.324976700008847,13
30.33310960000381,19
30.340719100029673,27
30.34884829999646,11
30.35777440003585,-14
30.366003400005866,-18
30.373946100007743,5
30.382069399987813,-1
30.3900602000067,-50
30.398904100002255,-80
30.40634129999671,-46
30.415042700013146,-7
30.422773300029803,-42
30.430894599994645,-33
30.43891969998367,-2
30.446584700024687,-5
30.454808700014837,-34
30.463190699985716,-41
30.471165299997665,-24
30.47988559998339,-17
30.487841600028332,-17
30.495819600007962,-21
30.50430830003461,-19
30.512080100015737,-23
30.520221500017215,-23
30.529373500030488,-17
30.537614900036715,-17
30.545659099996556,-26
30.553730799991172,-45
30.562738800013904,-66
30.570049999980256,-89
30.578084100037813,-95
30.586223200021777,-83
30.594205300032627,-39
30.602839900006074,-17
30.610760100011248,3
30.61896859999979,5
30.627023199980613,-15
30.63541930000065,-14
30.64376900001662,10
30.65178020001622,12
30.659970899985638,-34
30.667577999993227,-89
30.676079700002447,-98
30.684405700012576,-66
30.693323499988765,-46
30.700731799995992,-39
30.7089272000012,-34
30.716689700027928,-24
30.725261399988085,-27
30.7335775999818,-48
30.741649400035385,-49
30.749897700035945,-39
30.75778210000135,-24
30.765221100009512,3
30.77327130001504,16
30.7832426999812,-15
30.791898299998138,-39
30.798991799994837,-19
30.806222399987746,19
30.814511300006416,24
30.823146099981386,-15
30.83127510000486,-42
30.83940860000439,-28
30.848159799992573,-5
30.85537489998387,-5
30.863994400016963,-27
30.873017400037497,-25
30.881748099985998,8
30.88888909999514,20
30.897176800004672,-14
30.904198999982327,-40
30.91255090001505,-36
30.921053900034167,-12
30.929204599990044,-10
30.937192799989134,-25
30.94479159999173,-29
30.95359789999202,-17
30.961711500014644,-69
30.96998250001343,-140
30.97843100002501,-145
30.986301199998707,-74
30.99474769999506,-17
31.00278610002715,-21
31.010944599984214,-44
31.018950300000142,-20
31.027404399996158,52
31.034999700030312,49
31.043019899982028,-22
31.051763500028756,-10
31.05987769999774,114
31.068142300006002,245
31.07634790003067,136
31.0846964000375,-463
31.092321300006006,-1216
31.100625600025523,-1398
31.108804300019983,-795
31.116760200005956,15
31.126045399985742,350
31.134121500013862,178
31.142379600030836,14
31.15046820003772,113
31.15847309998935,84
31.165913600008935,55
31.175074800034054,55
31.183331799984444,42
31.1911421000259,37
31.199478499998804,47
31.207622900023125,46
31.215742800035514,31
31.22364280000329,12
31.232060300011653,6
31.24030710000079,4
31.248305800021626,-7
31.25646499998402,-17
31.264154500036966,-14
31.272167699993588,0
31.28053839999484,7
31.2887422000058,4
31.297018599987496,17
31.305129599990323,23
31.31286489998456,-9
31.321533899987116,-54
31.329553699993994,-18
31.337698200019076,22
31.34593940002378,30
31.35391449998133,9
31.361711500037927,-13
31.370422600011807,-10
31.378567799984012,-3
31.387305499985814,-6
31.394158000010066,-24
31.402309800032526,-45
31.410628699988592,-36
31.419111600029282,-26
31.42731040000217,-42
31.435559600009583,-61
31.443065600004047,-61
31.451329900010023,-32
31.459597999986727,-12
31.46764039999107,-7
31.47567329998128,-6
31.48392500000773,-12
31.49213610001607,-36
31.50066020002123,-36
31.508463100006338,-25
31.517091499990784,-22
31.52584580000257,-31
31.533648399985395,-44
31.541750799980946,-57
31.54941889998736,-61
31.558058800001163,-47
31.56630020000739,-30
31.57443770003738,-32
31.582663099979982,-35
31.591845699993428,-38
31.598812200012617,-23
31.607045400014613,-1
31.615156800020486,1
31.62339319998864,-10
31.631542699993588,-11
31.63921280001523,-9
31.647810599999502,-2
31.6559310000157,5
31.66427670000121,-5
31.672340299992356,-35
31.680296499980614,-5
31.687890800007153,10
31.696706300019287,0
31.704782999993768,-11
31.712981400021818,-9
31.720915200014133,1
31.729214399994817,-3
31.73690419999184,-20
31.745622500020545,-22
31.7537817999837,-19
31.761931299988646,-22
31.77018940000562,-26
31.77793430001475,-18
31.786331899988,-23
31.794560900016222,-32
31.8029961999855,-23
31.81092700001318,-17
31.819196700002067,-30
31.826762499986216,-40
31.835480900015682,-44
31.843569300021045,-70
31.851961400010623,-177
31.860145399987232,-150
31.868168500019237,-59
31.87577169999713,15
31.884500199987087,12
31.892976899980567,-22
31.901002400030848,-20
31.909159300033934,11
31.916953600011766,-24
31.925233500020113,-71
31.933542800019495,-13
31.941964099998586,147
31.950207500020042,261
31.958112200023606,12
31.965779500023928,-716
31.97479770000791,-1375
31.98321550001856,-1295
31.991298499982804,-516
31.999273099994753,220
32.00724619999528,379
32.01595560001442,112
32.02400500001386,-71
32.03190960001666,3
32.04027679999126,74
32.048484300030395,62
32.055863599991426,55
32.064723999996204,34
32.072875900019426,33
32.081341599987354,39
32.0893289000378,39
32.09742489998462,20
32.104916399985086,-1
32.113791699986905,-13
32.12174060003599,-8
32.129149199987296,1
32.13786600000458,-1
32.14601050002966,-3
32.15389950003009,-5
32.16256920003798,-21
32.170966600009706,-34
32.178983699996024,-32
32.186641399981454,-24
32.19478970003547,-31
32.203410600021016,-27
32.2115287000197,-20
32.219812600000296,-37
32.22794260003138,-34
32.23625220003305,-10
32.243493299989495,-7
32.252317300008144,-34
32.26054220000515,-58
32.268770200025756,-57
32.277202200028114,-63
32.28486900002463,-92
32.29321660002461,-124
32.301472900027875,-132
32.30979720002506,-116
32.317787100037094,-92
32.32606870000018,-71
32.33367369999178,-54
32.34237700002268,-37
32.350577000004705,-32
32.358750300016254,-48
32.36722600000212,-58
32.37504590000026,-61
32.38286070001777,-63
32.391369400022086,-59
32.39956649998203,-76
32.40795570000773,-108
32.41621890000533,-127
32.424241700035054,-116
32.43211039999733,-86
32.4402940000291,-70
32.44902480003657,-75
32.4566949,-61
32.46480399998836,-41
32.473629600019194,-44
32.48136770003475,-62
32.48952420003479,-69
32.4977690000087,-55
32.50518059998285,-48
32.513806400005706,-62
32.52187719999347,-68
32.530217799998354,-42
32.53850850003073,-26
32.546706399996765,-43
32.555036000034306,-64
32.563516499998514,-53
32.57129629998235,-25
32.57944659999339,-41
32.587788600008935,-43
32.59579490002943,-35
32.603973800025415,-52
32.611915400018916,-72
32.62029890000122,-56
32.62834679998923,-9
32.63653620000696,14
32.644749100029,-26
32.65292299998691,-76
32.66048870002851,-71
32.66982030001236,-50
32.67753540002741,-37
32.68581729999278,-33
32.693716800014954,-38
32.70170109998435,-37
32.710014200012665,-43
32.71821299998555,-58
32.726571700011846,-95
32.73479580000276,-136
32.74303349998081,-90
32.750578699982725,-29
32.75917989999289,-4
32.767353200004436,-27
32.776046800019685,-43
32.78378410002915,-19
32.791812199982814,-14
32.799470800033305,-42
32.80823560000863,-14
32.81654750002781,100
32.82473709998885,238
32.83293939998839,144
32.8404722000123,-444
32.84936190000735,-1225
32.857772000017576,-1464
32.86596219998319,-887
32.873940300021786,-46
32.882098100031726,364
32.88995209999848,235
32.898561500012875,-4
32.906528900028206,-16
32.91482679999899,55
32.92297930002678,32
32.93079710000893,47
32.93933329998981,24
32.947584000008646,-13
32.95573859999422,-25
32.963783900020644,-6
32.97175620001508,18
32.979623100021854,20
32.98811310000019,6
32.99629700003425,-5
33.004579700005706,-21
33.01279100001557,-43
33.020856700022705,-46
33.02853549999418,-27
33.03720229997998,-28
33.045446900010575,-46
33.05355690000579,-41
33.06166170001961,-20
33.06966839998495,-16
33.079023500031326,-34
33.08622860000469,-42
33.094369200000074,-35
33.102525700000115,-51
33.11072729999432,-55
33.118588700017426,-33
33.12646500003757,-16
33.135094100027345,-36
33.143462000007275,-68
33.151629300031345,-90
33.16041290003341,-96
33.167960899998434,-102
33.17638269998133,-119
33.18438789999345,-121
33.192680899985135,-98
33.2007486000075,-61
33.208591900009196,-63
33.21693589998176,-81
33.22530590003589,-75
33.23341739998432,-48
33.241437199991196,-33
33.24973720003618,-43
33.25772589998087,-70
33.26631839998299,-84
33.2741388999857,-88
33.28204060002463,-105
33.29019580001477,-111
33.29911770002218,-115
33.307114400027785,-116
33.315308000019286,-119
33.32427889999235,-122
33.331833600008395,-114
33.34003980003763,-105
33.34778080001706,-104
33.35682099999394,-105
33.364904700021725,-114
33.372805599996354,-123
33.38120370003162,-118
33.3891650000005,-91
33.397035200032406,-69
33.404891500016674,-82
33.413112699985504,-102
33.4211929999874,-93
33.42940229998203,-68
33.437787600036245,-55
33.446292000007816,-66
33.45475500001339,-102
33.462060099991504,-92
33.470241300005,-85
33.47864689998096,-102
33.486825500032865,-158
33.49511050002184,-209
33.503805899992585,-184
33.511947399994824,-82
33.520518800010905,-6
33.5283784000203,-15
33.53664950001985,-74
33.54394910001429,-87
33.55224879999878,-49
33.5602821999928,-74
33.56878470000811,-103
33.57677980000153,-25
33.5852674000198,129
33.593465799989644,191
33.60177280002972,-133
33.60988330002874,-856
33.6183541000355,-1410
33.62700700003188,-444
33.63569920003647,230
33.644357200013474,344
33.651573900016956,74
33.66004139999859,-82
33.667630499985535,2
33.6756449000095,50
33.68395849998342,9
33.692151200026274,-14
33.70059950003633,-12
33.70868939999491,3
33.7163687000284,16
33.724472900037654,-6
33.73286330001429,-44
33.74131630000193,-66
33.7494470999809,-59
33.75781159999315,-36
33.76537069998449,-34
33.77379559999099,-58
33.781926200026646,-77
33.791152200021315,-60
33.79912380001042,-69
33.80677090003155,-83
33.81481210002676,-82
33.82310189999407,-62
33.831049800035544,-41
33.83902960002888,-30
33.84701979998499,-30
33.85469330003252,-35
33.86362850002479,-47
33.871681899996474,-56
33.87982460000785,-40
33.88793110003462,-8
33.89586230000714,-9
33.90386700001545,-49
33.91242399998009,-96
33.920592900016345,-98
33.92875690001529,-81
33.93718050001189,-76
33.944677699997555,-87
33.95346500002779,-87
33.961577099980786,-49
33.9697196999914,-52
33.97780839999905,-46
33.986132799996994,-37
33.99345900001936,-39
34.00241640000604,-65
34.01057300000684,-78
34.018745700013824,-61
34.02730130002601,-38
34.03493150003487,-67
34.043490700016264,-116
34.05159290001029,-133
34.05975180002861,-120
34.06794939999236,-111
34.076289499993436,-117
34.083752700011246,-125
34.09252679999918,-98
34.10075420001522,-58
34.10873400000855,-53
34.11793230002513,-90
34.12518909998471,-104
34.134787400020286,-81
34.141568000020925,-42
34.149659499991685,-58
34.15715280000586,-65
34.1660930000362,-33
34.17449070001021,-15
34.182319700019434,-26
34.190860000031535,-29
34.19881269999314,-5
34.20689470000798,7
34.21534589998191,-11
34.223061400000006,-54
34.23119800002314,-80
34.23959140002262,-71
34.24769370001741,-29
34.25585160002811,-20
34.264094899990596,-39
34.272018300020136,-45
34.28043600003002,-35
34.28845360002015,-38
34.29677990003256,-50
34.30476470000576,-52
34.31272600003285,-67
34.32142749999184,-179
34.329594400012866,-157
34.33759290003218,-78
34.34570760000497,-27
34.354033300012816,-24
34.36158259998774,-36
34.37018890003674,-32
34.378363399999216,-3
34.386302900034934,1
34.39461190003203,-54
34.402830599981826,-74
34.410097200016025,6
34.4207824000041,166
34.42684959998587,225
34.43562810000731,-183
34.443643799982965,-964
34.45220260001952,-1417
34.46029100002488,-1061
34.46856690000277,-243
34.4765598999802,290
34.48431580001488,246
34.49244549998548,-21
34.50070610002149,54
34.508873699989635,80
34.517733599990606,31
34.52517059998354,11
34.5331387000042,5
34.5418525999994,4
34.54977119999239,-23
34.55862959998194,-43
34.56660289998399,-27
34.57477810001001,-5
34.58274799998617,-7
34.59064429998398,-31
34.598993199993856,-44
34.60749389999546,-46
34.615668200014625,-68
34.62379099999089,-84
34.63190780003788,-80
34.639296900015324,-62
34.648230999999214,-42
34.65637510002125,-36
34.66508700000122,-51
34.672725400014315,-62
34.68097270000726,-73
34.68875139998272,-73
34.69711000000825,-71
34.705273400002625,-60
34.713575200003106,-28
34.72202799998922,-8
34.72951939998893,-12
34.73781190003501,-46
34.74617130000843,-88
34.75461250002263,-113
34.7627741000033,-107
34.770860599994194,-86
34.77825259999372,-65
34.78714889998082,-57
34.79530800000066,-48
34.80359219998354,-41
34.812084699980915,-42
34.81958820001455,-52
34.828354500001296,-28
34.83600700000534,-1
34.84434040001361,-8
34.85228079999797,-82
34.86059530003695,-81
34.86831210000673,-49
34.87628540000878,-59
34.885157399985474,-81
34.893234900024254,-80
34.90138830000069,-80
34.909801200032234,-106
34.91801680001663,-131
34.92618340003537,-123
34.93358539999463,-95
34.94232790003298,-77
34.950570399989374,-72
34.95852440001909,-47
34.966242199996486,-19
34.974940399988554,-37
34.98317170003429,-73
34.991356800019275,-74
34.99954590003472,-49
35.00745800003642,-22
35.01596839999547,-17
35.024021700024605,-17
35.03213449998293,-20
35.04015990003245,-9
35.04843860003166,-7
35.0559712999966,-23
35.064854500000365,-37
35.07318310003029,-32
35.08117910003057,-11
35.08929899998475,-11
35.09734199999366,-24
35.105455000011716,-28
35.11408120003762,-35
35.12211150000803,-50
35.12969010003144,-42
35.13822850002907,-11
35.146029800002,14
35.15474130003713,-2
35.162949300021864,-43
35.17114440002479,-61
35.179146600014064,-39
35.187390899984166,-32
35.19525980000617,-78
35.20376980002038,-153
35.2121931000147,-79
35.21993650001241,8
35.228057600033935,26
35.23623600002611,-7
35.243896200030576,-26
35.25254700001096,6
35.26077049999731,29
35.268990300013684,-33
35.27709360001609,-57
35.28497969999444,51
35.29354570002761,214
35.30175779998535,249
35.309273099992424,-150
35.318588600028306,-909
35.326514600019436,-1381
35.33448740001768,-1078
35.34300420002546,-265
35.351172199996654,321
35.35933990002377,332
35.3674214000348,65
35.375192900013644,-25
35.38373890001094,61
35.3917766000377,14
35.40008079999825,21
35.40861590002896,35
35.41632389998995,40
35.42472310003359,37
35.432033099990804,32
35.44065240002237,22
35.448773699987214,6
35.456959899980575,-9
35.465360999980476,-14
35.473046400002204,-13
35.481391399982385,-4
35.48962439998286,4
35.497032599989325,-2
35.50531390000833,-19
35.51355680002598,-44
35.52212410001084,-44
35.53063230001135,-26
35.53885620000074,-10
35.54611940000905,-1
35.554312099993695,-3
35.56230600003619,-4
35.57116609998047,-18
35.57935980003094,-31
35.5875209000078,-44
35.59571199998027,-44
35.604098099982366,-35
35.611507900001016,-26
35.619711000006646,-42
35.62843209999846,-63
35.6365497999941,-60
35.64472989999922,-28
35.652879200002644,-13
35.66070980002405,-27
35.66929849999724,-54
35.67755970003782,-41
35.68549559998792,4
35.69374680001056,28
35.7014702000306,9
35.7103638999979,1
35.71794780000346,4
35.72686170000816,-3
35.73456010001246,-18
35.742908200016245,-37
35.7503172000288,-36
35.75900880002882,-41
35.76717629999621,-53
35.775330500036944,-55
35.783528900006786,-53
35.791677900007926,-49
35.79908929998055,-39
35.808115800027736,-30
35.816144999989774,-28
35.82391460001236,-36
35.83259529998759,-39
35.84055449999869,-47
35.84859840001445,-50
35.85692580003524,-34
35.86515480000526,-12
35.873176700028125,-1
35.881284400005825,3
35.888809900032356,0
35.89735530002508,1
35.90562169998884,1
35.91378599999007,0
35.922145600023214,-17
35.929719600011595,-37
35.937707800010685,-42
35.946559600008186,-24
35.95453650003765,-8
35.96303220000118,-10
35.97110640001483,-27
35.97915929998271,-23
35.98670639999909,6
35.995322400005534,4
36.00377140002092,-28
36.01176399999531,-37
36.0202293000184,-10
36.02790039998945,-4
36.03646700002719,-50
36.04458749998594,-94
36.05280280002626,-94
36.06076830002712,-70
36.0692780999816,-79
36.076725199993234,-105
36.08539150003344,-98
36.093600300024264,-66
36.1017638000194,-29
36.11032500001602,-29
36.11805500002811,-41
36.12788739998359,-12
36.134201999986544,11
36.142420599993784,-18
36.14998510002624,-28
36.15878350002458,41
36.16684349998832,156
36.17485850001685,130
36.182940000027884,-370
36.191341900033876,-1120
36.199603700020816,-1419
36.20913400000427,-913
36.216817800013814,-76
36.2250786999939,368
36.23316420003539,243
36.2401908999891,1
36.24951900000451,11
36.257396100030746,112
36.26548390003154,62
36.274295400013216,-16
36.282068000000436,-13
36.29023410001537,31
36.29824949998874,22
36.306327800033614,-20
36.3147292000358,-9
36.32348980003735,-3
36.330834400025196,-13
36.339769800018985,-8
36.34738450002624,10
36.35533580003539,5
36.36356710002292,-45
36.37192200002028,-91
36.379993200011086,-85
36.3880675000255,-46
36.39619830000447,-33
36.40444399998523,-46
36.41262860002462,-42
36.42082110000774,-28
36.42890400002943,-37
36.43691069999477,-59
36.44534299999941,-68
36.452573999995366,-64
36.46067250001943,-54
36.46926510002231,7
36.47777950001182,26
36.48618740000529,-5
36.49348410003586,-74
36.50236739998218,-117
36.51078780001262,-117
36.518002400000114,-111
36.5269642000203,-117
36.534360599995125,-90
36.542688000015914,-47
36.55124260002049,-36
36.559607700037304,-64
36.5675743999891,-83
36.575917900016066,-61
36.58372140000574,-24
36.59204180003144,-45
36.600815600017086,-100
36.60886000003666,-100
36.61691380001139,-53
36.62509799998952,-46
36.63262930000201,-92
36.64171520003583,-133
36.64994410000509,-119
36.65812510001706,-159
36.6664538999903,-196
36.67448099999456,-149
36.68245050002588,-70
36.690634900005534,-52
36.69901390001178,-86
36.70776489999844,-108
36.71610890002921,-89
36.723311199981254,-42
36.73158970003715,1
36.73930419998942,11
36.74821280001197,-22
36.75616109999828,-78
36.7648853000137,-111
36.77228500001365,-85
36.7811045999988,-43
36.788782400020864,-19
36.796724700019695,-9
36.80409570003394,2
36.81244439998409,-12
36.82127620000392,-64
36.82976960000815,-25
36.838129099982325,1
36.84613610000815,-30
36.85429769998882,-49
36.862172799999826,-15
36.8705983000109,12
36.87864090001676,-43
36.887150300026406,-152
36.89579400001094,-212
36.90321700001368,-176
36.911798599991016,-91
36.919628600007854,-22
36.92817909998121,0
36.935866600018926,-5
36.9439617000171,-13
36.951966600026935,-20
36.96045359998243,-3
36.96838720003143,-8
36.976685100002214,-34
36.985326900030486,14
36.99330919998465,221
37.001284900004975,77
37.00938160001533,-526
37.018074800027534,-1206
37.02636960003292,-1293
37.033774200011976,-656
37.041974399995524,96
37.050011300016195,366
37.05860059999395,195
37.06660820002435,3
37.07484030001797,32
37.08286299998872,98
37.09062010003254,84
37.099361500004306,103
37.10840929998085,96
37.115506700007245,36
37.12369929999113,7
37.131686299981084,6
37.13925870001549,7
37.14803630003007,30
37.15627700003097,82
37.164540600031614,100
37.172738900000695,-28
37.180591900018044,0
37.188741600024514,36
37.197681799996644,3
37.205262100032996,-48
37.21300789999077,-28
37.22301570000127,-1
37.22953409998445,-45
37.23717159999069,-99
37.24530599999707,-67
37.25353210000321,13
37.26207599998452,15
37.27066819998436,-26
37.27847700001439,-1
37.2866371999844,32
37.29480470000999,14
37.303032400028314,-50
37.3116519000032,-121
37.3190820000018,-135
37.32754540001042,-73
37.33523339999374,43
37.34397630003514,112
37.35263009998016,-137
37.36040010000579,-125
37.3684757000301,57
37.376902399992105,160
37.38542830001097,18
37.39272430003621,-187
37.40090930002043,-213
37.40906040003756,-83
37.41725410002982,-11
37.425997200014535,-74
37.434572600002866,-126
37.442769600020256,-134
37.4502358000027,-144
37.458501300017815,-171
37.46708590001799,-196
37.47484079998685,-143
37.4829960000352,-43
37.491733200033195,-45
37.499923399998806,-142
37.50803700002143,-173
37.51630489999661,-86
37.52452480001375,-21
37.53280190000078,-216
37.54032520001056,-249
37.54908800002886,-167
37.557098800025415,-66
37.56495510000968,-33
37.57355050003389,-22
37.58149060001597,-17
37.58935660001589,-34
37.59766139998101,-36
37.60616760002449,-21
37.614232300024014,-23
37.62229810003191,-42
37.63034770003287,-33
37.63877080002567,-4
37.64686859998619,-15
37.65521290001925,-56
37.663432500034105,-102
37.67163639998762,-78
37.67975920002209,10
37.6877225000062,25
37.69616380002117,-17
37.70447659998899,48
37.71244299999671,66
37.72118480002973,17
37.72881810000399,-32
37.73670800001128,-17
37.74511080002412,30
37.75330650003161,36
37.761638800031506,5
37.76965869998094,-11
37.777779900003225,-17
37.78528280003229,-8
37.79475470003672,46
37.802099300024565,90
37.81064340000739,53
37.818620300036855,-2
37.82637239998439,-9
37.83449540002039,0
37.84280490002129,-6
37.85092599998461,-2
37.859116500010714,43
37.86709840002004,9
37.87512769998284,-21
37.88601550000021,34
37.8912946000346,70
37.89956240000902,-73
37.911013400007505,-230
37.91671399999177,-138
37.92484480002895,83
37.93341940001119,153
37.94058320001932,31
37.94922880001832,-70
37.958066900027916,-9
37.96496080001816,89
37.97499780001817,62
37.9816831999924,-55
37.991868900018744,-59
37.997583999997005,93
38.00581310002599,224
38.01422509999247,195
38.0222471000161,-200
38.03058130003046,-887
38.03892090002773,-1299
38.04708590003429,-297
38.055605400004424,180
38.06363190000411,175
38.072472400031984,37
38.08064749999903,62
38.08884260000195,124
38.09682660002727,18
38.104470500024036,-73
38.11326690000715,48
38.12097490002634,166
38.129552700032946,68
38.13768719998188,-69
38.14598279999336,-20
38.153725099982694,123
38.16246399999363,141
38.17044299998088,35
38.178779100009706,-39
38.18673509999644,-21
38.19464669999434,27
38.20337609999115,28
38.211452800023835,-24
38.21957930002827,-48
38.227763500006404,-30
38.23693930002628,26
38.24358960002428,-17
38.25268249999499,-86
38.26029449998168,-69
38.269653199997265,-3
38.27657350001391,24
38.28476830001455,-9
38.293015800009016,-40
38.30110759998206,-39
38.30941200000234,-39
38.317416700010654,-30
38.325643500022124,-29
38.33372510003392,-41
38.34157749998849,-83
38.35036570002558,-109
38.35842150001554,-58
38.36652119999053,15
38.37504479999188,53
38.38257050001994,39
38.39092159998836,-5
38.39913149998756,-7
38.40718440001365,31
38.41553430003114,84
38.42359000002034,76
38.430885899986606,6
38.4403623000253,-25
38.447949499997776,39
38.45676050003385,107
38.46376990003046,75
38.472138300014194,-7
38.48003239999525,-60
38.48822410003049,-40
38.4964107000269,-23
38.50524969998514,-56
38.51266160001978,-50
38.520758700033184,5
38.528993499989156,45
38.53753879998112,45
38.54576569999335,17
38.55358459998388,-2
38.561727299995255,30
38.570153500011656,86
38.578257100016344,0
38.58682070003124,-40
38.59497819998069,3
38.603060800000094,83
38.61128369998187,85
38.61901080003008,18
38.627613199991174,16
38.63658039999427,73
38.64414970000507,93
38.65252760000294,35
38.66027039999608,-27
38.66839529998833,-51
38.67687010002555,-17
38.68483029998606,68
38.693687100021634,109
38.7014869999839,32
38.70948680001311,-41
38.717371799983084,5
38.72642279998399,84
38.73417619999964,57
38.7422689999803,-2
38.75037940003676,-27
38.757959600014146,-56
38.766502999991644,-44
38.77559380000457,16
38.78288070001872,41
38.792015700018965,-5
38.799027600034606,-18
38.80707390001044,18
38.815342999994755,15
38.82460350001929,-27
38.83236699999543,-39
38.83988089999184,-22
38.84822330001043,-11
38.85626269999193,-31
38.864349799987394,-72
38.872597399982624,-85
38.880742600013036,-65
38.88892009999836,-34
38.89664940000512,-42
38.90537069999846,-111
38.91359350003768,-161
38.921145600033924,-113
38.92973899998469,-38
38.93765360000543,-27
38.946564299985766,-104
38.95437530003255,-96
38.96257800003514,-53
38.97072109999135,-8
38.97898070001975,-57
38.986735599988606,-128
38.995260900002904,-72
39.00272699998459,89
39.010987400019076,189
39.019138400035445,-59
39.0274814000004,-759
39.03618039999856,-1395
39.04403930000262,-1273
39.05208819999825,-489
39.06021890003467,174
39.06852580001578,261
39.076550900004804,-3
39.08485510002356,-124
39.09295309998561,-16
39.101068300020415,25
39.10920669999905,-24
39.1174764999887,-15
39.12557460000971,72
39.133715700008906,58
39.14221750001889,-43
39.150194599991664,-132
39.15851630002726,-116
39.1665692999959,-52
39.17458950000582,-7
39.18283970002085,-30
39.19109620002564,-48
39.19928350002738,-19
39.20763930003159,-56
39.21603449998656,-142
39.224141800019424,-138
39.232706999988295,-51
39.240302600024734,-25
39.24931330000982,-81
39.25724030000856,-149
39.26533870003186,-212
39.274147899996024,-178
39.28206779999891,-85
39.29018980002729,-47
39.298492300033104,-150
39.30584290000843,-172
39.31455150002148,-96
39.32267840002896,-47
39.3310794000281,-100
39.33939560002182,-160
39.34734470001422,-138
39.355610400030855,-116
39.363962100003846,-132
39.37222439999459,-133
39.38043700001435,-101
39.3887019000249,-60
39.396133100031875,-46
39.40496230003191,-82
39.41357859998243,-118
39.42132309998851,-103
39.42913430003682,-69
39.43795600003796,-32
39.445319599995855,16
39.453672700037714,-12
39.461372899997514,-80
39.469688099983614,-94
39.47850229998585,-118
39.48629179998534,-145
39.49491330003366,-141
39.503011299995705,-94
39.511855499993544,-44
39.51912459998857,-38
39.527266299992334,-31
39.535255299997516,-24
39.543778499995824,-66
39.553215600026306,-131
39.56062469998142,-138
39.568599899997935,-79
39.57715169998119,-7
39.584634400031064,19
39.59308319998672,-36
39.60048870003084,-88
39.608684699982405,-68
39.61743749998277,-11
39.625574900012,19
39.633859499997925,-159
39.64187910000328,-86
39.65019519999623,38
39.65830220002681,31
39.66646410000976,-72
39.67486490000738,-126
39.68298199999845,-76
39.69215700001223,1
39.69928579998668,11
39.70745769998757,-25
39.71537970000645,-33
39.72412730002543,-31
39.73204370000167,-86
39.73988539999118,-107
39.74841890000971,-60
39.75676459999522,-61
39.76411340001505,-79
39.7728237999836,-72
39.78097030002391,-55
39.78918999998132,-40
39.797373400011566,-64
39.80546880001202,-59
39.81315470003756,-47
39.821742600004654,-72
39.830258500005584,-100
39.83818369999062,-55
39.84634290001122,-13
39.85417940001935,-2
39.86245970003074,-17
39.87094799999613,-109
39.87917650002055,-189
39.887341500027105,-192
39.89566849998664,-134
39.902998699981254,-84
39.912024300021585,-100
39.92042730003595,-106
39.92833199998131,-66
39.935813800024334,-44
39.94453500001691,-59
39.95267899997998,-57
39.96094540000195,-26
39.96918170002755,-53
39.977357399999164,-122
39.98553870001342,58
39.993873100029305,235
40.00233590003336,117
40.01023760001408,-519
40.01864800002659,-1279
40.02698840002995,-1468
40.034847200033255,-847
40.04277350002667,34
40.05121300002793,414
40.059541399998125,187
40.067810100037605,-108
40.07598730002064,-111
40.083501300017815,40
40.092371899983846,108
40.10036229999969,35
40.10877920000348,-97
40.117000800033566,-111
40.124991599994246,12
40.13252620003186,97
40.1410920000053,32
40.14961800002493,-93
40.15768370003207,-45
40.16576140001416,30
40.173815999994986,-25
40.1821004000376,-62
40.18959600001108,-52
40.19773070001975,-74
40.20613569999114,-111
40.214452099986374,-118
40.22308660001727,-82
40.230616400018334,-73
40.23890810000012,-119
40.2480919000227,-144
40.25617810001131,-94
40.263975300011225,-48
40.27220910001779,-111
40.28066699998453,-193
40.289284400001634,-151
40.29679460002808,-75
40.304698000021745,-79
40.312816600024235,-157
40.321431100019254,-204
40.3297198000364,-156
40.33796530001564,-168
40.34619790001307,-176
40.3541045000311,-138
40.362130900030024,-66
40.37059970002156,-38
40.378715400001965,-57
40.38697170000523,-42
40.39550360001158,-20
40.402803000004496,10
40.41114290000405,25
40.419608400028665,-10
40.42777120001847,-20
40.43595650000498,8
40.443653199996334,-3
40.451621900021564,-53
40.46059710002737,-107
40.46862380002858,-120
40.47649050003383,-80
40.48485300003085,-28
40.49301440001,-49
40.50111620000098,-113
40.50952830002643,-69
40.51738259999547,-31
40.52563350001583,-40
40.53388270002324,-89
40.54194979998283,-104
40.55039809999289,-73
40.55859919998329,-31
40.56680630001938,27
40.57496480003465,41
40.58312070003012,2
40.591366400010884,-3
40.599387200025376,38
40.60778349998873,34
40.615978999994695,-50
40.624399000022095,-106
40.63174749998143,-73
40.63970800000243,-3
40.648108099994715,52
40.65576759999385,61
40.663994000002276,-69
40.67240680003306,-117
40.68051099998411,-80
40.68873649998568,-6
40.697266999981366,26
40.70496280002408,-17
40.71430629998213,-64
40.72219749999931,-61
40.731167100020684,-19
40.73898080002982,64
40.7470500000054,78
40.75547229999211,-18
40.76415320002707,-86
40.77167769998778,-53
40.779913900012616,-1
40.78731149999658,-8
40.795893700036686,-35
40.804015600006096,-49
40.81202439998742,-51
40.81987820001086,-50
40.82810189999873,-57
40.83650380000472,-27
40.84456970001338,14
40.854078600008506,-47
40.86111910000909,-107
40.86911790003069,-78
40.87733849999495,28
40.88574220001465,66
40.894069400033914,-24
40.902202300028875,-138
40.91014550003456,-175
40.91807010001503,-168
40.926765299984254,-120
40.93464049999602,-46
40.9426942000282,-5
40.95135200000368,-18
40.958780299988575,-35
40.96708289999515,-14
40.975630400003865,25
40.983633499999996,24
40.99193820002256,-21
41.000575400015805,-30
41.00782340002479,23
41.017115199996624,128
41.02532950002933,-266
41.03319960000226,-1032
41.04101809998974,-1425
41.049306500004604,-983
41.05802769999718,-158
41.065499900025316,312
41.074081200000364,248
41.082020900037605,30
41.09104149998166,18
41.097862700000405,64
41.10637970000971,19
41.1143665999989,4
41.1239113000338,30
41.13129340001615,12
41.13929299998563,-20
41.14693669998087,3
41.155337600037456,27
41.163284500013106,7
41.17154330003541,-52
41.179939800000284,-101
41.18791480001528,-50
41.196415700018406,12
41.2037444000016,-17
41.211731099989265,-9
41.22105009999359,-40
41.22917420003796,-89
41.23737160000019,-63
41.245131300005596,-6
41.2533800000092,-14
41.2608039000188,-77
41.269087599997874,-112
41.27831209998112,-77
41.28613459999906,-32
41.29472900001565,-49
41.302633000013884,-97
41.31081330002053,-85
41.31883010000456,-55
41.327081400027964,-68
41.33483090001391,-96
41.34344690002035,-115
41.351526300015394,-107
41.36066649999702,-81
41.36789880000288,-40
41.375870599993505,-41
41.38409639999736,-55
41.392328099987935,-90
41.40043710003374,-42
41.40865350002423,97
41.417905099981,152
41.42437000002246,78
41.43323840002995,18
41.44123540003784,31
41.44958700001007,55
41.45762519998243,28
41.46546620002482,-18
41.47401100001298,-26
41.48143859999254,15
41.489533999993,29
41.49841689999448,3
41.50628760003019,-6
41.51401420001639,-8
41.52315170003567,-19
41.53079950000392,-16
41.53884480003035,-18
41.546438899997156,6
41.554710099997465,49
41.56330470001558,11
41.57089780003298,1
41.57917290000478,41
41.587435099994764,62
41.595638200000394,18
41.603930499986745,-29
41.61221960000694,-10
41.62226149998605,47
41.62822050001705,44
41.6386208999902,15
41.644541800022125,15
41.65289299999131,46
41.66133129998343,82
41.669450799992774,54
41.67819770000642,-25
41.68614000000525,-79
41.694447299989406,-94
41.70215259998804,-45
41.7110454000067,32
41.71878719999222,47
41.726803500030655,6
41.73495489999186,36
41.742483099980745,20
41.75103520002449,-32
41.759465700015426,-56
41.76773870002944,-53
41.77593310002703,-51
41.783974400023,-89
41.79188129998511,-135
41.800562000018544,-141
41.808752199984156,-116
41.81693730002735,-63
41.82514050003374,-50
41.833228300034534,-85
41.84089099999983,-94
41.848931599990465,-50
41.85749259998556,3
41.86577839998063,4
41.873957200034056,-46
41.88192650000565,-46
41.89013060001889,37
41.89854150003521,159
41.906845599994995,197
41.91507500002626,-851
41.92337780003436,-1412
41.93115130002843,-1223
41.939875299984124,-413
41.94794889999321,259
41.95632440003101,344
41.96441750001395,119
41.97193310002331,24
41.980494200019166,96
41.988731599994935,89
41.9971477999934,13
42.00511999998707,-3
42.01331340003526,-6
42.02092799998354,-17
42.02968249999685,-15
42.037748700007796,42
42.04592950001825,91
42.054181099985726,44
42.06240320001962,-17
42.069908700010274,-24
42.078548300021794,-17
42.086769599991385,-69
42.095173400011845,-141
42.10333439998794,-20
42.112336900027,38
42.11908129998483,-1
42.12767020001775,-80
42.135952899989206,-121
42.14344940002775,-101
42.15223910001805,-88
42.160931700025685,-113
42.16862150002271,-159
42.17687640001532,-195
42.18507150001824,-171
42.19328860001406,-90
42.202633299981244,-23
42.20913690002635,-46
42.217949700017925,-122
42.22617889998946,-145
42.23417020001216,-92
42.24239209998632,-31
42.25021979998564,-48
42.258882399997674,-140
42.2669722000137,-123
42.27515719999792,-89
42.28334999998333,-69
42.29177429998526,-40
42.29915510001592,-32
42.30753420002293,-93
42.3159627999994,-91
42.324197500012815,59
42.332593900035135,157
42.34031689999392,35
42.34885040001245,-156
42.35713730001589,-183
42.365188600029796,-80
42.37333099998068,-16
42.38161909999326,-49
42.38914809998823,-50
42.39790999999968,-5
42.405979999981355,-37
42.414397899992764,-106
42.422292300034314,-76
42.43029580003349,9
42.43814139999449,-79
42.44688290002523,-149
42.455188899999484,-116
42.46327020000899,-32
42.47130620002281,-7
42.47923569998238,-44
42.48756099998718,-31
42.50036140001612,30
42.50351930002216,-5
42.51140990003478,-95
42.5201284000068,-98
42.52816670003813,-11
42.53591440001037,39
42.544440100027714,-25
42.55244699999457,-102
42.56167269998696,-93
42.568754100007936,-59
42.577161799999885,-79
42.58583890000591,-92
42.59357120003551,-42
42.60134520003339,8
42.61166639998555,-94
42.619315000018105,-86
42.62671839998802,-21
42.63499320001574,5
42.64393479999853,-29
42.6523051999975,-68
42.65993480000179,-98
42.66760200000135,-125
42.67591510002967,-124
42.6841169000254,-77
42.69202469999436,7
42.7005600000266,59
42.708833599986974,35
42.71630590001587,-6
42.72490100003779,30
42.73311020003166,78
42.74046599998837,43
42.74914060003357,-44
42.756920300016645,-34
42.76533359999303,155
42.773528299992904,284
42.781813899986446,-115
42.79034690000117,-1447
42.799095800030045,-1077
42.80634760000976,-228
42.81502839998575,307
42.82341880002059,295
42.8314785999828,108
42.83950519998325,78
42.848076099995524,103
42.85542799998075,39
42.86395020002965,29
42.87221210001735,111
42.88035069999751,135
42.88866619998589,49
42.89589119999437,-23
42.9048133000033,11
42.91290049999952,92
42.92137160000857,119
42.92938620003406,73
42.937448400014546,18
42.9449450999964,-3
42.95353130000876,1
42.96178710000822,-2
42.97018140001455,-21
42.97813569998834,-20
42.98575370002072,-11
42.99443399999291,-5
43.00275799998781,-21
43.01112829998601,-37
43.01894270000048,-50
43.02723760000663,-46
43.03483319998486,2
43.04338980000466,9
43.05157369998051,-60
43.0600033000228,-112
43.067955000035,-76
43.076279400032945,-19
43.08379880001303,-54
43.09268180001527,-137
43.10132950003026,-136
43.108920700033195,-38
43.11716590001015,40
43.12486490001902,1
43.13330470002256,-101
43.141538200026844,-24
43.14904689998366,43
43.157908599998336,44
43.16604079998797,15
43.17361240001628,3
43.182337899983395,13
43.18980960000772,-11
43.198015100031625,-60
43.2072561000241,-54
43.21429580001859,-4
43.222736300027464,-16
43.230774600000586,-88
43.24002470000414,-142
43.248179199988954,-135
43.25626589998137,-53
43.264084200025536,17
43.272152699995786,-4
43.28027920000022,-72
43.288617599988356,-93
43.29762120003579,-61
43.304928500030655,-22
43.31288290000521,-18
43.32058910001069,-73
43.329241600004025,-42
43.336859600036405,-8
43.3450219000224,-6
43.35362000000896,-36
43.36185300000943,-48
43.36959369998658,-34
43.37876390002202,-18
43.38853569998173,-20
43.39526840002509,-31
43.403607100015506,-15
43.410820199991576,23
43.41933290002635,31
43.42833590001101,22
43.4362994999974,8
43.4442287000129,-29
43.451528000005055,-84
43.46010500000557,-81
43.468242400034796,-15
43.47624500002712,-2
43.48461470002076,-81
43.49307179998141,-228
43.50021209998522,-95
43.50879170000553,68
43.51653640001314,94
43.52451710001333,2
43.53278509998927,-44
43.54084239999065,-1
43.54933200002415,38
43.55769709998276,-24
43.56596109998645,-90
43.57407410000451,-3
43.58229300001403,192
43.59022569999797,257
43.59847140003694,-125
43.607294799992815,-895
43.6150957000209,-1431
43.62328450003406,-1175
43.631400700018276,-316
43.64018450002186,348
43.64779840002302,385
43.655798899999354,87
43.66397200000938,-43
43.673119299986865,78
43.681056200002786,59
43.68878880003467,34
43.69761099998141,-8
43.70576230000006,-2
43.71383790002437,36
43.722261400020216,50
43.72995850001462,20
43.73830199998338,-51
43.74661460000789,-71
43.75491910002893,-16
43.76274390000617,7
43.77048790000845,-30
43.77899319998687,-48
43.787161400017794,-38
43.795129999984056,-34
43.80330760002835,-57
43.81156980001833,-102
43.82037339999806,-125
43.8278994000284,-98
43.83658569998806,-69
43.84488990000682,-63
43.85287619999144,-76
43.86195029999362,-127
43.86958220001543,-89
43.87728600000264,-48
43.885515000030864,-44
43.89364560000831,-75
43.90194260003045,-114
43.910642600036226,-132
43.918210999981966,-130
43.927431599993724,-125
43.935903700010385,-104
43.94321300002048,-78
43.951561800029594,-45
43.95946360001108,-30
43.96716230001766,-38
43.975635099981446,-45
43.98467390000587,-43
43.99182719999226,-35
44.00084380002227,-29
44.00749139999971,-23
44.01663440000266,-16
44.02461670001503,-24
44.0327174999984,-55
44.04090289998567,-84
44.04931830003625,-90
44.057212400017306,-84
44.06544929998927,-83
44.07359360001283,-105
44.081852000032086,-126
44.09008960000938,-114
44.09736860002158,-83
44.10617019998608,-58
44.11446940002497,-43
44.122769900015555,-31
44.130799899983685,-32
44.138781299989205,-55
44.14701120002428,-52
44.1547913000104,-13
44.163426999992225,-13
44.17152309999801,-52
44.17976229998749,-50
44.18720620003296,4
44.19594220002182,14
44.20431499998085,-84
44.21227070002351,-56
44.22062819998246,-29
44.22874580003554,-47
44.23680100002093,-68
44.24507000000449,-56
44.25317300000461,-68
44.261606300016865,-148
44.26983599999221,-202
44.27815319999354,-132
44.285962000023574,-29
44.29448769998271,-25
44.30245890002698,-79
44.31059100001585,-90
44.318797099986114,-40
44.326437500014435,32
44.33516260003671,17
44.343199599999934,-94
44.351600699999835,-113
44.3595243000309,24
44.36785969999619,226
44.37558300001547,-410
44.384390700026415,-1256
44.392797100008465,-1495
44.400893300015014,-885
44.408995800011326,-33
44.41680880001513,378
44.42539150000084,242
44.43365259998245,-44
44.44175350002479,-125
44.44993430003524,-56
44.45814469998004,12
44.46580499998527,64
44.47432029998163,24
44.48257629998261,-53
44.490747799980454,-52
44.498956400027964,-26
44.507713500002865,-15
44.51457719999598,16
44.52309760003118,33
44.53082990000257,23
44.53943310002796,1
44.5471164000337,-94
44.5560378000373,-118
44.56416290003108,-118
44.57233490003273,-129
44.58053259999724,-168
44.58894300000975,-188
44.59714389999863,-125
44.604764899995644,-56
44.61367729998892,-110
44.62187879998237,-196
44.63002450001659,-156
44.638229999982286,-73
44.64590549998684,-96
44.65460150002036,-143
44.662681100016925,-89
44.67073710000841,4
44.678928899986204,5
44.6876493000309,-101
44.69493820000207,-159
44.70303319999948,-120
44.711785199993756,-65
44.72020759998122,-121
44.728171700029634,-128
44.73635820002528,-129
44.74467690003803,-112
44.75296040001558,-46
44.76231339998776,-4
44.76829879998695,6
44.7777585000149,23
44.78504879999673,37
44.79331290000118,8
44.801822900015395,-70
44.81001160002779,-116
44.81826060003368,-103
44.826353700016625,-74
44.83440049999626,-64
44.84265820001019,-64
44.85115980001865,-29
44.8590710000135,-10
44.86730749998242,-46
44.875959200027864,-69
44.883635699981824,-62
44.8911008000141,-30
44.89975179999601,-36
44.90796149999369,-43
44.91592200001469,-17
44.92401010001777,26
44.932206200028304,9
44.940936400031205,-41
44.9487916000071,-42
44.956883100036066,-18
44.965437999984715,-18
44.97340990003431,-56
44.98180589999538,-67
44.98966870002914,-26
44.9977778000175,-44
45.00596610002685,-86
45.014505000028294,-38
45.02190100000007,62
45.030495600018185,68
45.038284400012344,-31
45.04674220003653,-107
45.055007399991155,-115
45.06288869999116,-124
45.07135109999217,-206
45.07940940000117,-91
45.087723699980415,46
45.096140899986494,79
45.10407950001536,34
45.111919999995735,-22
45.12047610001173,-36
45.128682199981995,27
45.13737170002423,91
45.14491380000254,26
45.15287270001136,-63
45.16086030000588,7
45.16918870003428,234
45.17759410000872,342
45.18590179999592,-117
45.19443770003272,-998
45.20203960000072,-1429
45.21050660003675,-941
45.21854730002815,-38
45.22697389998939,437
45.235182300035376,288
45.24322459998075,-86
45.25125810003374,46
45.259225799993146,73
45.26768069999525,42
45.27564710000297,47
45.28346760000568,42
45.29168090003077,32
45.29990729998099,31
45.3079710000311,37
45.316084299993236,15
45.3242929999833,-33
45.332478300028015,-75
45.341500199981965,-74
45.348820100014564,-51
45.3569571999833,-20
45.365107299992815,6
45.37312430003658,0
45.381531100021675,-53
45.38979039998958,-98
45.39800640003523,-91
45.40602029999718,-50
45.41491390002193,-39
45.42343450000044,-101
45.431402200018056,-89
45.43944009998813,-82
45.44762400002219,-72
45.4564204000053,-66
45.4640210000216,-76
45.47266830003355,-80
45.48031940002693,-52
45.48887460003607,-26
45.49688089999836,-51
45.50512480002362,-129
45.5134028000175,-181
45.52133210003376,-161
45.52914130000863,-89
45.53741430002265,-50
45.54565390001517,-66
45.55373690003762,-71
45.561949700000696,-59
45.5695208000252,-29
45.57790420000674,2
45.586209600034636,-13
45.59465640003327,-58
45.602929099986795,-24
45.61102379998192,-11
45.618992700008675,-47
45.62735780002549,-105
45.63577360002091,-116
45.64368069998454,-76
45.65189219999593,-43
45.66014609998092,-38
45.66830110002775,-30
45.67635840002913,-33
45.684934000018984,-64
45.693126900005154,-73
45.7010662999819,-43
45.70876459998544,-22
45.717396299995016,-26
45.72608759999275,-43
45.7337269000127,-35
45.74179240001831,-5
45.7497330000042,8
45.75716450001346,-2
45.766040200018324,3
45.774367100035306,-15
45.782591700030025,-42
45.790588700037915,-41
45.799278800026514,-20
45.8062690999941,9
45.815623500035144,9
45.823234700015746,-25
45.83136760001071,-49
45.84034470003098,-63
45.84767640003702,-82
45.855963599984534,-98
45.8643930000253,-128
45.87232850003056,-173
45.879947800014634,-216
45.88888700003736,-201
45.896707899984904,-109
45.9052904000273,-16
45.91330549999839,-7
45.92144569999073,-57
45.92962529999204,-72
45.937566000036895,-44
45.945819700020365,-87
45.95474419998936,-132
45.96245380002074,-51
45.97043260000646,86
45.978835900023114,141
45.98678799998015,-89
45.99560170003679,-684
46.00371250003809,-1223
46.012113200034946,-1146
46.0201434000046,-475
46.02814860001672,159
46.0362697999808,294
46.04432699998142,82
46.05188400001498,-49
46.06052619998809,9
46.06880770000862,14
46.07652310002595,-70
46.08517730003223,-83
46.0935407000361,-40
46.1015638000099,-23
46.109584900026675,-43
46.1178708000225,-66
46.12528839998413,-85
46.13428830000339,-115
46.142593800032046,-121
46.15060789999552,-92
46.158094300015364,-80
46.166650800034404,-119
46.17519320000429,-170
46.182841500034556,-185
46.191687599988654,-134
46.199505700031295,-82
46.20803630002774,-88
46.21647739998298,-138
46.22505720000481,-165
46.233257099986076,-150
46.24202619999414,-115
46.25007770000957,-79
46.25757260003593,-65
46.265324599982705,-69
46.27393620001385,-69
46.28189199999906,-48
46.29032530001132,-36
46.298485499981325,-30
46.30660070001613,-5
46.31494070001645,6
46.322988700005226,12
46.331234899989795,-23
46.34006690001115,0
46.34740359999705,56
46.35546260001138,110
46.3640463000047,184
46.372581999981776,182
46.3803030999843,173
46.38892370002577,160
46.396685699990485,155
46.4043432000326,190
46.41323760000523,124
46.42135530000087,54
46.429402699985076,-5
46.4373149999883,-47
46.44528799998807,-29
46.4529602000257,-69
46.46122130000731,-93
46.46927850000793,-102
46.477411500003655,-65
46.4863539999933,-87
46.494258799997624,-104
46.50352770002792,-118
46.51147969998419,-178
46.519688400032464,-196
46.52750750002451,-209
46.53643789998023,-183
46.54405810002936,-176
46.55320930003654,-244
46.56030670000473,-280
46.56924799998524,-271
46.577158500032965,-222
46.58481169998413,-183
46.59325560001889,-217
46.60179809998954,-259
46.609563899983186,-273
46.61708510003518,-288
46.625403799989726,-297
46.633457600022666,-253
46.64168340002652,-114
46.64979569998104,239
46.65906320000067,303
46.668240800034255,285
46.67528520000633,224
46.684392200026195,169
46.692011400009505,159
46.700006300001405,193
46.708055900002364,157
46.71601989999181,10
46.72423110000091,-49
46.73230070003774,69
46.74000069999602,240
46.74866929999553,154
46.756739200034644,-438
46.76551210001344,-1186
46.77378079999471,-1356
46.78184720000718,-742
46.78992660000222,79
46.79849070002092,420
46.80608529999154,204
46.81441099999938,-127
46.822686700033955,-36
46.83105750003597,-40
46.83908830001019,-79
46.847255300031975,-103
46.855437399994116,-121
46.86379929998657,-127
46.87198050000006,-132
46.88017010001931,-140
46.88839310000185,-143
46.89596540003549,-148
46.90476559998933,-150
46.9130646000267,-137
46.92130749998614,-132
46.92959820001852,-152
46.937347700004466,-198
46.94597880000947,-229
46.95419439999387,-195
46.962325800035615,-139
46.97048439999344,-96
46.97882680001203,-101
46.9866091000149,-142
46.995202900026925,-181
47.003395200008526,-203
47.01157349999994,-172
47.01955570001155,-139
47.02733419998549,-129
47.03570900001796,-138
47.04379040002823,-133
47.05243879999034,-118
47.06066660000943,-107
47.06894580001244,-113
47.07700719998684,-131
47.08513090002816,-146
47.093533399980515,-145
47.1017563000205,-132
47.109959300025366,-105
47.11795179999899,-83
47.12625100003788,-74
47.134450800018385,-76
47.142167299985886,-66
47.15064579999307,-63
47.15901050000684,-78
47.16696420003427,-96
47.17473130003782,-98
47.18294860003516,-96
47.191230299999006,-108
47.19957840000279,-152
47.207768100022804,-190
47.21723260002909,-159
47.22484059998533,-101
47.233101100020576,-74
47.24101090000477,-90
47.24966010003118,-100
47.25726719998056,-83
47.26541410002392,-63
47.27422449999722,-65
47.28196520003257,-69
47.29008130001603,-46
47.29829140001675,23
47.306255500006955,37
47.31473550002556,24
47.32322210003622,-16
47.33105089998571,-34
47.340229400026146,-14
47.347924100002274,24
47.355841999989934,40
47.36404489999404,12
47.37210610002512,-15
47.379906999995,2
47.38814039999852,35
47.39609330001986,33
47.404371900018305,11
47.4122786000371,21
47.420626499981154,32
47.428764100011904,14
47.43738419999136,-17
47.44492809998337,-39
47.45356679998804,-24
47.46160470001632,-6
47.469742299988866,-80
47.47773230000166,-84
47.48590959998546,-5
47.494411599996965,98
47.50257429998601,143
47.51074830000289,104
47.51872709998861,49
47.52691539999796,47
47.53473389998544,87
47.54264549998334,121
47.551525500020944,83
47.55886430002283,41
47.56736029998865,92
47.57550199999241,223
47.58388330001617,284
47.59253289998742,-57
47.60035770002287,-782
47.60902700002771,-1253
47.6171861999901,-923
47.62550259998534,-98
47.633332400000654,455
47.64188640000066,57
47.649788499984425,-41
47.65807449998101,96
47.666433200007305,162
47.67372920003254,116
47.68235650000861,52
47.691394500026945,-12
47.698901500029024,-39
47.70689279999351,-21
47.71508769999491,14
47.722980400023516,16
47.731363800005056,-17
47.7395366000128,-66
47.74784329999238,-95
47.7560986999888,-73
47.76398450002307,-38
47.77262519998476,-32
47.781353900034446,-54
47.788759600021876,-62
47.79697959998157,-61
47.80524150002748,-92
47.81313540000701,-125
47.82141859998228,-114
47.829697699984536,-83
47.837847999995574,-74
47.84594989998732,-72
47.853973900026176,-69
47.86222650000127,-87
47.87048979999963,-103
47.87855299998773,-92
47.886675200017635,-51
47.8950694000232,-22
47.902749500004575,-13
47.91112380003324,-1
47.9193162000156,11
47.92785700003151,28
47.935668500023894,63
47.943989199993666,120
47.95207509997999,180
47.960390500025824,198
47.96867380000185,177
47.97683890000917,152
47.98504040000262,149
47.99296870001126,147
48.001466599991545,105
48.00961519998964,94
48.017993699992076,102
48.02597620000597,93
48.03422050003428,65
48.041686000011396,43
48.0505131999962,29
48.058952899998985,16
48.06916630000342,25
48.0755054000183,56
48.08265430002939,72
48.09323390002828,59
48.099616100022104,18
48.10816280002473,23
48.11740330001339,105
48.12371710001025,169
48.13466530002188,159
48.14048659999389,94
48.14803560002474,34
48.15652900002897,43
48.1656868000282,135
48.173397100006696,118
48.18115240003681,77
48.189674800029024,55
48.19781119999243,76
48.20616499998141,154
48.21462360001169,165
48.222159500001,64
48.230611599981785,-18
48.23867869999958,7
48.2468896000064,94
48.25531179999234,158
48.26331010001013,98
48.271264099981636,56
48.27952739998,71
48.288533799990546,-118
48.29619439999806,-299
48.304321700008586,99
48.3123326000059,981
48.320294000033755,1404
48.32833520002896,981
48.33655230002478,727
48.34488380001858,1000
48.35412780003389,962
48.361553800001275,702
48.36981430003652,579
48.377817400032654,382
48.3866683000233,-53
48.39549150003586,-355
48.40316129999701,-254
48.41095370001858,96
48.419947499991395,460
48.42899079999188,955
48.43641429999843,1217
48.44427069998346,765
48.4525214000023,148
48.460620300029404,79
48.46911459998228,533
48.47743090003496,932
48.48552390001714,829
48.493990499991924,397
48.500862599990796,50
48.509633300011046,-53
48.51785539998673,-125
48.526018500037026,-239
48.534336999990046,-399
48.54181389999576,-488
48.550424900022335,-468
48.5586944000097,-497
48.566849900002126,-632
48.5751613000175,-720
48.58320160000585,-666
48.591515699983574,-612
48.59976740001002,-672
48.608227299991995,-785
48.61615349998465,-821
48.623858999984805,-777
48.63251590001164,-760
48.64030450000428,-809
48.648600000014994,-832
48.65679039998213,-783
48.66503069997998,-767
48.673722699983045,-737
48.68193700001575,-668
48.69064970000181,-1087
48.69852829998126,-893
48.70604339998681,527
48.715150200005155,1066
48.7228546999977,-1169
48.73160110000754,-2981
48.73976450000191,-2138
48.74774790002266,49
48.75622119999025,1764
48.76464680000208,1071
48.77198479999788,183
48.78023239999311,287
48.789330400002655,-197
48.79705649998505,-373
48.80498680000892,-516
48.813789000036195,-583
48.82144660002086,-807
48.83045310003217,-1196
48.83874909998849,-1355
48.84709400002612,-1750
48.854774500010535,-1632
48.86299900000449,-1782
48.871089500025846,-1368
48.87926760001574,-1901
48.88764840003569,-2221
48.895928199985065,-1293
48.90402100002393,-933
48.91302330000326,-526
48.9212212000275,-852
48.92935150000267,-1772
48.93744080001488,-2228
48.94568469998194,-3187
48.954053800029214,-2787
48.96281210001325,-1326
48.97060260002036,-617
48.978060099994764,-481
48.98672400001669,-1743
48.995387400034815,-2141
49.00361409998732,-2606
49.011825900000986,-1982
49.02020840003388,-1620
49.02775890001794,-1687
49.03663250000682,-1600
49.04490420001093,-2083
49.05320030002622,-1730
49.06147100002272,-1620
49.069283800025005,-1639
49.07768540002871,-958
49.085933800030034,-944
49.094349800026976,-1186
49.10263809998287,-2247
49.110216000000946,-2853
49.11853620002512,-1904
49.12744449998718,-1563
49.136042800033465,-1173
49.14399160002358,-1019
49.15149509999901,-1210
49.15974339999957,-1775
49.16881820000708,-1903
49.176965499995276,-1008
49.1851530999993,-967
49.19336189999012,-1320
49.20131879998371,-2191
49.210813499987125,-2249
49.21817419998115,-1180
49.22634160000598,-1238
49.23401980003109,-1201
49.242744499992114,-847
49.25034209998557,-760
49.25871590001043,-1428
49.26689279999118,-3697
49.275204100005794,-4182
49.28348919999553,-2544
49.29170860000886,-1238
49.30009430000791,-1565
49.308186499984004,-1868
49.31657870003255,-1433
49.324726700026076,-1812
49.332980400009546,-1633
49.34122150001349,-1431
49.349489799991716,-800
49.35767450003186,-157
49.36579310003435,-712
49.37399520003237,-746
49.38220100000035,-944
49.39077930001076,-998
49.39868119999301,-503
49.40761699998984,-936
49.415350200026296,-1358
49.42369939998025,-2296
49.431793500029016,-2143
49.44000479998067,2827
49.44828150002286,1936
49.45654610003112,-865
49.464968500018585,-2926
49.473269400012214,-2009
49.48290460003773,-1065
49.49052350001875,-842
49.49855309998384,-625
49.506682500010356,-756
49.51437699998496,-732
49.52322189998813,-1485
49.5314738000161,-1799
49.53983150003478,-1294
49.54820200003451,-1449
49.5565625000163,-1184
49.564011999988,-1186
49.57194440002786,-1342
49.58062100003008,-1062
49.58842400001595,-876
49.59646369999973,10
49.60550880001392,-187
49.61377190001076,-433
49.62190660001943,-1350
49.63017820002278,-2705
49.63887780002551,-5006
49.646353300020564,-8265
49.655511900025886,-10052
49.663444600009825,-9800
49.67166609998094,-8341
49.68006159999641,-8108
49.688013300008606,-9433
49.696529100008775,-10090
49.704819400038105,-9993
49.712935300020035,-9035
49.72131039999658,-8041
49.729119000025094,-7897
49.7379017000203,-6948
49.74622670002282,-6533
49.754037000006065,-6014
49.761896800016984,-5600
49.77059139998164,-5282
49.778790200012736,-4973
49.78739200002747,-4663
49.79562759998953,-4319
49.80381509999279,-3981
49.81227460002992,-3682
49.820669100037776,-3406
49.82865069998661,-3147
49.83684539998649,-2891
49.84519830002682,-2610
49.85336599999573,-2341
49.861874800000805,-2117
49.870215000002645,-1928
49.87843540002359,-1731
49.886474500002805,-1521
49.89498690003529,-1170
49.90283909998834,-1021
49.911499899986666,-844
49.91946300002746,-646
49.92768090002937,-484
49.93557580001652,-366
49.94388670002809,-243
49.95157969999127,-56
49.95958490000339,188
49.967803100007586,443
49.97606910002651,657
49.98426130000735,804
49.99258399999235,886
50.001225400017574,943
50.009081099997275,1061
50.01837340003112,1210
50.02564589999383,1354
50.03498669998953,1759
50.042673800024204,2030
50.051265500020236,2092
50.05945270002121,1610
50.06801909999922,962
50.07633060001535,989
50.08403490000637,1872
50.092839399992954,2839
50.101212700014,3110
50.108899699989706,2753
50.117376999987755,2464
50.125438300019596,2594
50.13319500000216,2788
50.14238849998219,2847
50.15002020000247,2946
50.15826820000075,3132
50.166802200023085,3336
50.174623600032646,3539
50.18326760001946,3599
50.19089999998687,3466
50.19973240001127,3308
50.2088470000308,3188
50.21596340002725,3087
50.224497899995185,2942
50.232987500028685,2789
50.24199559999397,2679
50.24942609999562,2635
50.25685430003796,2623
50.26559540000744,2584
50.27396880002925,2509
50.28223529999377,2429
50.29068780003581,2379
50.29892840003595,2377
50.30695460003335,2386
50.315766800020356,2353
50.323667599994224,2289
50.330960599996615,2255
50.339199399983045,2284
50.348331000015605,2266
50.356781999988016,2161
50.365099899994675,2036
50.37274500000058,2002
50.38214310002513,2125
50.39001510001253,1949
50.3978308000369,1454
50.40617319999728,2060
50.414456200029235,3540
50.422847000008915,3643
50.43119450000813,1467
50.438766599982046,-998
50.44790450000437,-405
50.45567310001934,2698
50.46445740002673,3897
50.47213120001834,1626
50.479648799984716,562
50.48872510000365,3388
50.49688150000293,4742
50.5048611999955,3909
50.513216399995144,2531
50.52080890000798,2423
50.529645600006916,2882
50.537817600008566,2942
50.54622580000432,2887
50.5563431000337,2826
50.562543599982746,2781
50.57064350001747,2750
50.57850669999607,2667
50.58721800002968,2571
50.59546969999792,2532
50.603704100009054,2553
50.61182970000664,2533
50.62018410000019,2450
50.628623500000685,2306
50.63689590001013,2247
50.64512930001365,2164
50.65348570002243,2082
50.66188830003375,2063
50.66983100003563,2078
50.67764960002387,2064
50.68588489998365,1960
50.694146600028034,1816
50.70255570003064,1737
50.710688600025605,1745
50.71984020003583,1805
50.72816280002007,1771
50.73618060001172,1667
50.74438089999603,1625
50.75252119998913,1673
50.76031109999167,1767
50.76908330002334,1688
50.77724770002533,687
50.78513979999116,535
50.7935482999892,964
50.80194289999781,1515
50.81030449998798,1660
50.818416900001466,1411
50.826555599982385,1160
50.834979599982034,1178
50.84319520002464,1272
50.8516219999874,1266
50.85981779999565,1207
50.867845300002955,1126
50.876065300020855,1084
50.8844342000084,1098
50.89279529999476,1066
50.900788800034206,964
50.909236899984535,871
50.91663069999777,881
50.92559220001567,924
50.93376590003027,954
50.941547000024,909
50.95017770002596,740
50.95818150002742,562
50.965828499989584,557
50.97402040002635,754
50.98266939999303,976
50.991093199991155,1053
50.99964540003566,997
51.00692650000565,902
51.01517790002981,838
51.02337449998595,823
51.03194690000964,828
51.04022020002594,813
51.048267300007865,770
51.05670130002545,782
51.06472090003081,866
51.07309100002749,890
51.08110980002675,933
51.089352799986955,947
51.09822440001881,880
51.10660270001972,775
51.11497530003544,724
51.123446099983994,744
51.13119029998779,767
51.13936889998149,709
51.146945799991954,606
51.15567419998115,580
51.16373139998177,622
51.17180479998933,653
51.1799914999865,630
51.1880784999812,606
51.196458199992776,642
51.20475040003657,675
51.21296859998256,624
51.22164290002547,456
51.22901459998684,495
51.23806120001245,556
51.245628500008024,604
51.25413610000396,638
51.26218040002277,620
51.26977130002342,559
51.27799259999301,490
51.2867694000015,466
51.29619259998435,497
51.303037800011225,550
51.3114682000014,590
51.31981920002727,600
51.3281413000077,597
51.336277700029314,556
51.34423320001224,471
51.35180100001162,417
51.359972100006416,406
51.36868409998715,430
51.37699600000633,262
51.38469620002434,218
51.39287650003098,287
51.40230580000207,370
51.40971979999449,318
51.41814060002798,-33
51.426700600015465,-663
51.43478250002954,-1123
51.44309210003121,-810
51.45091429998865,67
51.45847180002602,655
51.467418399988674,517
51.47539570002118,67
51.483628700021654,-2
51.49218760000076,300
51.499849000014365,530
51.508363500004634,604
51.51659220003057,613
51.52480030001607,565
51.53298940003151,435
51.5412846999825,422
51.54889000003459,468
51.55755319999298,496
51.56582170003094,558
51.57326010003453,645
51.58141149999574,688
51.589804099989124,645
51.597756000002846,608
51.60606610000832,597
51.61483660002705,537
51.62307420000434,439
51.63153539999621,362
51.639115200028755,348
51.64785790001042,314
51.65608990000328,220
51.66420320002362,159
51.6725909000379,149
51.68055930000264,125
51.68841820000671,75
51.69717940001283,81
51.705339499982074,198
51.71353220002493,190
51.72183540003607,160
51.73064870003145,154
51.73812669998733,167
51.74633210001048,136
51.75457450002432,121
51.762736700009555,157
51.77059810003266,174
51.778827900008764,157
51.78786400001263,147
51.79554890003055,154
51.80385219998425,142
51.812840300030075,96
51.81986129999859,60
51.82823709998047,49
51.836248100036755,59
51.84445859998232,61
51.852562099986244,30
51.8607817000011,15
51.868669699993916,40
51.8764961999841,39
51.88457940000808,5
51.893066100019496,-43
51.90188030002173,-96
51.90972260001581,-144
51.9181465000147,-196
51.92651030002162,-223
51.93467380001675,-188
51.94286180002382,-123
51.950986700016074,-91
51.95867730001919,-92
51.96744000003673,-73
51.97542400000384,-26
51.98409680003533,-8
51.990998400026,-36
51.99960189999547,-37
52.007809500035364,-3
52.01572790002683,6
52.023720199998934,159
52.03196669998579,268
52.040224700002,200
52.04890560003696,-246
52.056704099988565,-825
52.06489879998844,-953
52.0735497000278,-503
52.081336400005966,103
52.08980050001992,314
52.09799750003731,95
52.106932000024244,-93
52.115156700019725,-170
52.12307380000129,-53
52.13114429998677,60
52.138778000022285,-48
52.14749880001182,102
52.1558156000101,262
52.16391910001403,480
52.17183509998722,988
52.180533799983095,1237
52.18841820000671,1588
52.19705070002237,1830
52.20518140000058,1928
52.213597199996,1691
52.221657900023274,1568
52.22985410003457,1318
52.23804949998157,991
52.24728040001355,1062
52.25525310001103,859
52.263448300014716,921
52.271277700026985,929
52.27896540000802,608
52.28744739998365,655
52.29598029999761,334
52.304110900033265,229
52.312901200028136,378
52.32034750003368,307
52.32897580001736,789
52.33701680001104,995
52.345363300002646,1302
52.35323960002279,1951
52.361624100012705,1955
52.369315700023435,1585
52.37773400003789,1082
52.38582070003031,1116
52.3937900000019,771
52.40232940000715,745
52.41052869998384,777
52.41855499998201,601
52.426690399996005,695
52.43509089999134,338
52.44379610003671,68
52.45159340003738,-219
52.45972390001407,-680
52.46772489999421,-835
52.476043300004676,-1282
52.48426230001496,-1595
52.49317540001357,-1942
52.501672399987,-2459
52.5109167000046,-2555
52.518831700028386,-2797
52.52686680003535,-2790
52.53489730000729,-2930
52.54275680001592,-2841
52.55122710001888,-2812
52.560315200011246,-2819
52.56808880000608,-2661
52.57602089998545,-2590
52.584155399992596,-2470
52.592265799990855,-2363
52.60045700002229,-2305
52.60855599999195,-2199
52.616975800017826,-2119
52.62488600000506,-2014
52.63344750000397,-1957
52.64147919998504,-1932
52.64994690002641,-1775
52.658210600027815,-1508
52.66672199999448,-1314
52.674676200025715,-1618
52.683226399996784,-2991
52.69140439998591,-2651
52.69962020003004,-1671
52.70781900000293,-923
52.715496900025755,-845
52.72443430003477,-1055
52.73264460003702,-1075
52.74012000003131,-879
52.74905220000073,-749
52.7569049000158,-712
52.765400899981614,-674
52.773582399997395,-659
52.781828100036364,-648
52.790082500025164,-655
52.79811839998001,-668
52.80594370001927,-666
52.81470160000026,-627
52.822810899990145,-529
52.8309697000077,-443
52.8405035000178,-420
52.84760069998447,-379
52.85583190002944,-329
52.86408790003043,-294
52.87157830002252,-245
52.88069620000897,-206
52.88916469999822,-223
52.89658120000968,-284
52.90575800003717,-319
52.91320990002714,-261
52.92162520001875,-159
52.929623700038064,-97
52.93733990000328,-82
52.94586530001834,-52
52.95406010001898,-9
52.962175799999386,5
52.970376799989026,-21
52.9786675000214,-40
52.98606910003582,-12
52.99460249999538,8
53.002939000027254,17
53.01091389998328,40
53.018532900023274,79
53.02687290002359,108
53.03535399999237,117
53.04384589998517,115
53.052223399979994,136
53.06050680001499,162
53.0685467000003,163
53.07626679999521,139
53.08501440001419,141
53.093245600000955,160
53.10161980002886,160
53.109611099993344,130
53.117662100004964,87
53.12530559999868,71
53.13394919998245,91
53.14212700002827,81
53.149695400032215,67
53.15840640000533,91
53.166343400022015,164
53.1751109000179,239
53.18313419999322,290
53.19158039998729,291
53.19898660003673,276
53.20864969998365,289
53.21558040002128,300
53.22434409998823,320
53.23259999998845,299
53.240757999999914,290
53.24897960003,424
53.25680149998516,593
53.26537310000276,624
53.27358690003166,199
53.281790199980605,-623
53.29095569998026,-1133
53.29806900001131,-837
53.30577849998372,578
53.31456110003637,588
53.323014300025534,371
53.331088999984786,281
53.33929179998813,362
53.3474291000166,382
53.35513069998706,286
53.36322699999437,318
53.3715561000281,350
53.379908000002615,290
53.387908500037156,341
53.39609739999287,363
53.404381400032435,433
53.41353319998598,600
53.42094600002747,664
53.43013160000555,764
53.4385036000167,771
53.44587880000472,697
53.45485129998997,651
53.46277220000047,545
53.471105100004934,543
53.47914579999633,427
53.487204500008374,471
53.495693500037305,340
53.502880899992306,366
53.51181960001122,364
53.51996910001617,304
53.5276149000274,430
53.5363896000199,326
53.54444369999692,382
53.552752699994016,479
53.56131070002448,274
53.56915250001475,410
53.57762619998539,679
53.58575149998069,1135
53.59333430003608,1536
53.60157480003545,1334
53.6097675000201,1188
53.61843550001504,1013
53.62607170001138,927
53.63431679998757,649
53.64290500001516,654
53.651375200017355,511
53.65941040002508,321
53.66819579998264,415
53.6761414000066,217
53.68423750001239,261
53.69260509999003,252
53.70054300001357,69
53.708174200030044,173
53.71701610001037,11
53.725013500021305,-5
53.733141000033356,-2
53.74192870000843,-213
53.75081290001981,-110
53.7584693999961,-215
53.766042300034314,-184
53.77446739998413,-48
53.78367570001865,-319
53.79204040003242,-268
53.799026900029276,70
53.807238599983975,445
53.81468589999713,246
53.82288079999853,163
53.83105089998571,127
53.839165900019,42
53.84915910003474,182
53.85675390000688,-163
53.86486740002874,-739
53.87302619998809,-1369
53.88151030003792,-1572
53.889301699993666,-882
53.89759920001961,-380
53.90650959999766,-251
53.91497680003522,-474
53.922416499990504,-770
53.93040349998046,-624
53.938750400033314,-710
53.94707599998219,-822
53.95498590002535,-885
53.963311600033194,-830
53.971618700015824,-850
53.979172400024254,-878
53.987978200020734,-831
53.996163000003435,-927
54.004266800009646,-927
54.01191800000379,-949
54.020001100027,-973
54.02820749999955,-910
54.037049400038086,-944
54.045146099990234,-933
54.053401899989694,-925
54.06168370001251,-950
54.06976789998589,-882
54.07760530000087,-865
54.08580100000836,-850
54.09402289998252,-809
54.1021925000241,-765
54.111409900011495,-687
54.11958890000824,-647
54.12809620000189,-623
54.13633240002673,-616
54.144051800016314,-574
54.15261990000727,-547
54.16052540001692,-542
54.16900579998037,-530
54.17716100002872,-521
54.18523960001767,-495
54.19415230001323,-466
54.20192359999055,-444
54.210786500014365,-411
54.21794850000879,-371
54.22621200000867,-329
54.234565099992324,-297
54.24299440003233,-279
54.25082570000086,-258
54.25946909998311,-239
54.26756539999042,-220
54.2755324000027,-211
54.28432310000062,-215
54.29203539999435,-203
54.30036049999762,-205
54.308401399990544,-229
54.316630900022574,-242
54.32565060001798,-199
54.33313919999637,-98
54.340624500007834,9
54.3493015000131,71
54.35753350000596,101
54.365901999990456,128
54.37462990003405,147
54.38219380000373,177
54.390430800034665,189
54.39863350003725,147
54.40682380000362,149
54.41537060000701,283
54.42406990000745,502
54.431900900031906,571
54.43990270001814,-881
54.44806949998019,-1431
54.456552500021644,-1010
54.464273100020364,-52
54.472425499989185,571
54.48061090003466,561
54.4887678999803,311
54.4970500000054,300
54.505234299984295,436
54.5134296999895,436
54.52234399999725,394
54.529798900010064,403
54.53751190000912,415
54.5461798000033,419
54.55439180001849,398
54.562241500010714,372
54.57083959999727,361
54.57897710002726,374
54.58732809999492,379
54.59560900001088,377
54.60299099999247,366
54.61165350000374,352
54.61941340001067,344
54.62761349999346,342
54.63579239998944,355
54.6444720000145,352
54.652464399987366,349
54.66095779999159,344
54.66919829999097,342
54.677384399983566,351
54.68557219998911,357
54.69391540001379,371
54.70270730002085,391
54.710300000035204,384
54.71882720000576,369
54.72674439998809,339
54.7349367000279,303
54.742891300003976,277
54.75140880001709,257
54.75980100000743,242
54.76792800001567,195
54.77614099998027,192
54.78429460001644,206
54.79210000002058,230
54.80012780003017,238
54.80860910000047,220
54.8171563000069,195
54.82538990001194,179
54.83381240000017,185
54.84177080000518,183
54.84999000001699,149
54.85820670000976,115
54.86632129998179,86
54.874591000028886,62
54.882692700019106,46
54.89100790000521,58
54.899926299985964,99
54.90736499999184,150
54.91584969998803,196
54.92355330003193,304
54.931798800011165,330
54.93999280000571,325
54.94818240002496,347
54.95642090000911,276
54.964793400024064,307
54.97218929999508,435
54.981246099981945,527
54.989420800004154,723
54.997674599988386,555
55.00561500003096,-36
55.01373559999047,-567
55.0221726000309,-590
55.02970720001031,171
55.03780089999782,822
55.0468155000126,979
55.05467240000144,889
55.062505099980626,728
55.07122330000857,971
55.079717300017364,1024
55.08800530002918,1176
55.096289600012824,1138
55.1040904999827,1276
55.11276170000201,1269
55.12097910000011,1098
55.12936389999231,1177
55.137310300022364,985
55.145557300013024,1045
55.153750299999956,1044
55.16218690003734,824
55.170373300032225,949
55.17878409998957,787
55.186813100008294,839
55.194606200035196,1020
55.20322979998309,881
55.21160989999771,1060
55.21974259999115,897
55.22724039998138,776
55.23579140001675,860
55.24417870002799,600
55.25258269999176,586
55.26076740003191,476
55.26936760003446,634
55.27723290002905,306
55.284726899990346,383
55.293562399980146,477
55.30126320000272,597
55.30998730001738,1150
55.318331599992234,1215
55.326229400001466,1537
55.33471570000984,1758
55.343182799988426,1658
55.35131400002865,1991
55.35945809999248,1841
55.368571700004395,1846
55.37636070000008,1871
55.38414019998163,1423
55.39292600000044,1451
55.40136790001998,1156
55.40974070003722,1100
55.41759389999788,785
55.42594340001233,661
55.4339274999802,151
55.443514699989464,-436
55.45036010001786,-571
55.458719399990514,-989
55.466479199996684,-990
55.476346599985845,-1103
55.48377170000458,-1360
55.491851400001906,-1140
55.500242099980824,-1364
55.50813770003151,-1270
55.516841000004206,-1141
55.524766299990006,-1434
55.53293039998971,-1156
55.54147470003227,-1241
55.549672099994496,-1201
55.55765339999925,-862
55.56581360002747,-1511
55.57425519998651,-2096
55.5824610000127,-2185
55.59049390000291,-1417
55.59901720000198,-1163
55.60728699999163,-934
55.61578490003012,-1186
55.62362359999679,-1463
55.631439900025725,-790
55.63979699998163,-324
55.64811260002898,220
55.65606370003661,201
55.66402309999103,-567
55.671939600026235,-839
55.680709000036586,-1165
55.688710500020534,-1225
55.69686800002819,-1276
55.70527929998934,-1636
55.71358149999287,-1535
55.722213400003966,-1907
55.7311210000189,-1781
55.738935800036415,-2024
55.74720199999865,-1854
55.75544149999041,-1827
55.76378909999039,-1873
55.77187450003112,-1618
55.78026339999633,-1727
55.78926400002092,-1598
55.79694860003656,-1513
55.80549769999925,-1625
55.81326540000737,-1453
55.821760300023016,-1557
55.83015280001564,-1508
55.83928090002155,-1430
55.846451800025534,-1574
55.85455920000095,-1436
55.86298730003182,-1566
55.87137710000388,-1520
55.87984070001403,-1697
55.88803730002837,-1608
55.89605969999684,-1631
55.90431890002219,-1647
55.91181770002004,-1534
55.920828600006644,-1627
55.92834500002209,-1539
55.9381713999901,-1529
55.945499400026165,-1585
55.95424390002154,-1474
55.96292319998611,-1522
55.97045640001306,-1453
55.978676500031725,-1408
55.98665680002887,-1464
55.995220399985556,-1376
56.00358120002784,-1395
56.01172340003541,-1390
56.020237000018824,-1398
56.027877799991984,-1275
56.03697080002166,-1184
56.04391050001141,-1080
56.05259410000872,-968
56.06070380000165,-945
56.06894269998884,-852
56.07686560001457,-783
56.0855714000063,-761
56.094886899983976,-761
56.10204199998407,-745
56.11020589998225,-549
56.118312300008256,-302
56.12655729998369,-362
56.13498089998029,-1012
56.143187600013334,-1886
56.151360300020315,-2067
56.159328199981246,-445
56.16728560003685,-40
56.1762066000374,-155
56.184137300006114,-288
56.19231449998915,-187
56.20058010000503,-87
56.20813139999518,-79
56.216836699983105,-49
56.22477369999979,0
56.233110600034706,28
56.2411896000267,46
56.249388099997304,66
56.256876300030854,69
56.26641769998241,88
56.27414500003215,117
56.282228800002486,145
56.29056659998605,171
56.298374100006185,211
56.307049399998505,231
56.31473660003394,244
56.3231545999879,268
56.331549900001846,301
56.339709600026254,335
56.347359400009736,355
56.355586100020446,366
56.36377470003208,389
56.37203490000684,416
56.380197199992836,438
56.38876440003514,457
56.39685499999905,478
56.40552020003088,501
56.413045199995395,500
56.421322499983944,468
56.43067520001205,431
56.438297700020485,419
56.44705399998929,412
56.454845100000966,376
56.4634592999937,374
56.47174609999638,374
56.47974490001798,394
56.48759849998169,408
56.49599379999563,415
56.5042870999896,421
56.51246649998939,432
56.52032280003186,457
56.52830990002258,480
56.53706260002218,460
56.54517490003491,399
56.55333810002776,351
56.56160970003111,332
56.56921190000139,306
56.57781099999556,273
56.585954700014554,262
56.59423849999439,301
56.602393899986055,393
56.61072799999965,484
56.618281100003514,553
56.62646480003605,642
56.634565000014845,669
56.642745100019965,647
56.65161860000808,587
56.6591568000149,616
56.66735410003457,776
56.67617320001591,1000
56.684334699995816,940
56.692514700000174,226
56.70087070000591,-729
56.709235200018156,-1031
56.71730860002572,-373
56.72563609998906,546
56.73380749998614,948
56.74148140003672,787
56.74986560002435,584
56.75861499999883,652
56.766774100018665,753
56.77498689998174,713
56.783182199986186,683
56.791359000024386,670
56.799018700025044,669
56.80773410003167,654
56.81611790001625,631
56.82356550003169,626
56.832418699981645,618
56.84041459998116,594
56.84899690002203,564
56.85716630000388,550
56.865318900032435,548
56.87462080002297,550
56.88178300001891,535
56.889770700014196,515
56.89811170002213,518
56.90641689999029,521
56.91467349999584,513
56.92398730001878,516
56.93030649999855,523
56.939840300008655,531
56.94729430001462,546
56.95581640000455,539
56.96377129998291,516
56.9717982999864,491
56.980065000010654,463
56.988373400003184,416
56.9965503999847,359
57.00525210000342,314
57.013257700018585,292
57.02066640002886,289
57.02941389998887,278
57.03757879999466,270
57.04596880002646,273
57.054122900008224,273
57.06214100000216,265
57.07004180003423,261
57.07860619999701,268
57.08696240000427,270
57.09514330001548,255
57.103358899999876,209
57.111401700007264,132
57.1198396999971,113
57.12792260001879,66
57.13611730001867,15
57.143259300035425,0
57.152200200012885,49
57.160045000026,137
57.168767800030764,223
57.176883000007365,296
57.18527710001217,344
57.19329490000382,358
57.201401100028306,369
57.209971000032965,335
57.21978410001611,294
57.227316400036216,358
57.23373999999603,543
57.24195520003559,709
57.25048530002823,454
57.2584468999994,-405
57.26678529998753,-1214
57.27487010002369,-345
57.2831193000311,441
57.29169169999659,639
57.299570800038055,437
57.30826259998139,310
57.31634870002745,381
57.32414219999919,408
57.33285489998525,360
57.34105719998479,373
57.34923530003289,380
57.35763320000842,367
57.365777800034266,358
57.37438930000644,349
57.38238020002609,330
57.390574000019114,314
57.3988600000157,310
57.40754530002596,297
57.41555800003698,275
57.423761899990495,261
57.43177339999238,257
57.440238400013186,241
57.44825750001473,239
57.45645310002146,255
57.46502529998543,273
57.472693699994124,270
57.481223099981435,259
57.489956000004895,250
57.49697430001106,259
57.505411399994045,269
57.51361359999282,268
57.521308800030965,272
57.530200299981516,259
57.5383879999863,235
57.54649540001992,192
57.55486660002498,140
57.56283860001713,101
57.57079570001224,60
57.57929020002484,32
57.587653500027955,11
57.59587850002572,29
57.603956200007815,35
57.61143530003028,21
57.61970119999023,5
57.62769619998289,0
57.63552020001225,10
57.64417570002843,16
57.652437300013844,24
57.659934199997224,15
57.66824389999965,-18
57.67682260001311,-66
57.68561620003311,-123
57.69354880001629,-175
57.70157079998171,-212
57.7099559000344,-223
57.71868520003045,-170
57.72645760001615,-73
57.734265899984166,23
57.74256739998236,98
57.75082180002937,139
57.75967519998085,183
57.76761979999719,129
57.77530849998584,90
57.783426399983,185
57.79144010000164,411
57.80010910000419,563
57.80817360000219,205
57.81624840002041,-708
57.82470250001643,-1458
57.83247850002954,-1309
57.841072399984114,-432
57.849289799982216,322
57.85752110002795,465
57.865887799998745,236
57.874020599992946,121
57.88171929999953,220
57.89097409998067,258
57.898531200014986,225
57.90615960001014,230
57.9148109999951,226
57.922764500021,216
57.93120709998766,191
57.94103039999027,170
57.94780640001409,154
57.95758310001111,152
57.96416849998059,141
57.9719859000179,121
57.98109369998565,110
57.991328500036616,110
57.996407700004056,118
58.005067499994766,107
58.01479530002689,88
58.02147939999122,87
58.029893600032665,103
58.0390611999901,120
58.04645130003337,132
58.05430650000926,138
58.06217719998676,152
58.07086650002748,152
58.07896230003098,150
58.08764029998565,147
58.09485480003059,128
58.103844800032675,82
58.112348399998154,18
58.12018369999714,-27
58.12841150001623,-60
58.13671400002204,-76
58.14470539998729,-81
58.15280839998741,-89
58.16107530001318,-98
58.16960660001496,-104
58.17843359999824,-94
58.18773990002228,-85
58.194018099980894,-85
58.202254300005734,-85
58.210162799980026,-82
58.2182146999985,-81
58.22577339998679,-109
58.234605000005104,-158
58.24344709998695,-186
58.25120599998627,-212
58.259696100023575,-287
58.26790999999503,-285
58.27586049999809,-229
58.28458440001123,-147
58.29219850001391,-58
58.30014930001926,16
58.30866249999963,48
58.316488299984485,74
58.324273100006394,81
58.33321790001355,40
58.34105310001178,58
58.3495583999902,181
58.35788740002317,395
58.36585120001109,428
58.374773300020024,-136
58.38336720003281,-1080
58.39101980003761,-1560
58.399553499999456,-1080
58.407488199998625,-146
58.41568229999393,394
58.423665300011635,324
58.431133200007025,74
58.43982430000324,190
58.44812660000753,174
58.45626419998007,139
58.46454369998537,148
58.47284910001326,151
58.48083409998799,142
58.489237800007686,106
58.497134700010065,74
58.506334500038065,77
58.513421799987555,91
58.52161060000071,104
58.52977229998214,96
58.537962900009006,80
58.54620199999772,78
58.55428019998362,67
58.56224120000843,51
58.57047049998073,40
58.57899270002963,51
58.58696410001721,66
58.59515940002166,62
58.60347730002832,67
58.61091149999993,98
58.61981350003043,118
58.62801019998733,102
58.63617980002891,80
58.64418950001709,80
58.65169909998076,81
58.660123399982695,60
58.66859419998946,10
58.67678009998053,-53
58.684863100002985,-88
58.69319960003486,-102
58.701383400009945,-111
58.709653400001116,-132
58.717859900032636,-142
58.72610460000578,-133
58.73442920000525,-132
58.74282390001463,-136
58.750565199996345,-133
58.75918910000473,-107
58.767313199990895,-103
58.775641300017014,-108
58.783879499998875,-133
58.79149139998481,-178
58.80021850002231,-205
58.808344200020656,-234
58.816660600015894,-283
58.82483990001492,-336
58.8329976000241,-367
58.84088169998722,-332
58.84982990002027,-261
58.858050299983006,-189
58.865980300004594,-124
58.87367420003284,-57
58.88199369999347,8
58.89016780001111,69
58.89855390001321,68
58.906682100030594,-1
58.9145471000229,8
58.923221400007606,163
58.93107340001734,372
58.93961320002563,-381
58.94783489999827,-1288
58.95617670001229,-1560
58.965322500036564,-918
58.9718185000238,-8
58.98065440001665,422
58.98875690001296,286
58.996849599992856,60
59.00493070000084,85
59.01325670001097,176
59.02079440001398,161
59.029577300010715,130
59.03793900000164,105
59.04612830001861,102
59.05437090003397,133
59.062818100035656,142
59.07078409998212,107
59.078732100024354,65
59.08697210001992,52
59.09512489999179,57
59.103444100008346,48
59.11089589999756,54
59.11957360000815,60
59.12775350001175,43
59.13596530002542,22
59.14415110001573,21
59.15371009998489,25
59.15981839998858,40
59.168758400017396,58
59.17672879999736,72
59.18495040002745,79
59.193129900028,80
59.20098520000465,79
59.20915960002458,82
59.217577899980824,70
59.22583080001641,34
59.23391599999741,-4
59.24218669999391,-33
59.24978850001935,-66
59.258708200010005,-97
59.26675429998431,-107
59.27491760003613,-116
59.28318660001969,-138
59.29132489999756,-157
59.2994703000295,-157
59.30717069999082,-161
59.316167399985716,-171
59.32430730003398,-154
59.3327011000365,-126
59.33998719998635,-123
59.34877250000136,-154
59.357127299997956,-200
59.36579910002183,-222
59.37359640002251,-223
59.381582300004084,-243
59.38977539999178,-297
59.39817860000767,-348
59.40637889999198,-374
59.4139748000307,-345
59.42214119998971,-265
59.430777900037356,-162
59.43905129999621,-20
59.447002700006124,0
59.45520890003536,33
59.46352360001765,21
59.47115810000105,-38
59.47912610002095,-4
59.48748120001983,180
59.495632000034675,367
59.5037536000018,93
59.512019200017676,-793
59.52045439998619,-1590
59.528788800002076,-1496
59.53680960001657,-598
59.54502230003709,229
59.55318829999305,412
59.5614818999893,166
59.56935120001435,3
59.577664499985985,75
59.58591670001624,139
59.594132099999115,117
59.60240989999147,101
59.61044050002238,81
59.61857470002724,77
59.627101799997035,50
59.634891199995764,24
59.64292509999359,9
59.65118560002884,18
59.659936300013214,27
59.6675967000192,20
59.675716900033876,11
59.68376879999414,6
59.691900499979965,5
59.70001630001934,7
59.70824200002244,24
59.71641210000962,54
59.72459960001288,73
59.732705100032035,86
59.740901299985126,95
59.749219299992546,98
59.75762739998754,108
59.76649260002887,120
59.77454710000893,112
59.78282510000281,103
59.79101270000683,77
59.79830470000161,39
59.8072194000124,-19
59.81544949999079,-80
59.82376589998603,-113
59.83179160003783,-116
59.83981999999378,-114
59.8481023000204,-125
59.8558439000044,-130
59.864775000023656,-125
59.87297949998174,-117
59.88123930001166,-108
59.889235500013456,-103
59.89757329999702,-103
59.905742899980396,-107
59.91383159998804,-136
59.92215880000731,-168
59.93064149998827,-185
59.9384141000337,-202
59.9468557999935,-313
59.955189700005576,-382
59.963355500018224,-382
59.97179660003167,-310
59.979512999998406,-217
59.98807439999655,-131
59.99615640001139,-45
60.00431320001371,36
